StudyID,CovidenceID,DOI,Title,Year,Journal,Country,Design,Date_Start,Date_End,Recruitment_Type,Recruitment source,Total_N,Age_Mean,Age_SD,Age_Group,Age_LL,Age_UL,AAO_Mean,AAO_SD,AAO_LL,AAO_UL,Gender_Male_N,Gender_Male_Perc,YBOCST_Mean,YBOCST_SD,Classificatory_system,Instrument,Any_AxisI_Life,Any_AxisI_Life_Perc,Any_AxisI_Curr,Any_AxisI_Curr_Perc,Any_mood_Life,Any_mood_Life_Perc,Any_mood_Curr,Any_mood_Curr_Perc,MDD_Life,MDD_Life_Perc,MDD_Curr,MDD_Curr_Perc,Dysthymia_Life,Dysthymia_Life_Perc,Dysthymia_Curr,Dysthymia_Curr_Perc,Bipolar_Life,Bipolar_Life_Perc,Bipolar_Curr,Bipolar_Curr_Perc,Mania_Life,Mania_Life_Perc,Mania_Curr,Mania_Curr_Perc,Any_Anx_Life,Any_Anx_Life_Perc,Any_Anx_Curr,Any_Anx_Curr_Perc,GAD_Life,GAD_Life_Perc,GAD_Curr,GAD_Curr_Perc,SAD_Life,SAD_Life_Perc,SAD_Curr,SAD_Curr_Perc,Panic_Life,Panic_Life_Perc,Panic_Curr,Panic_Curr_Perc,Agoraph_Life,Agoraph_Life_Perc,Agoraph_Curr,Agoraph_Curr_Perc,Phobia_Life,Phobia_Life_Perc,Phobia_Curr,Phobia_Curr_Perc,Somat_Life,Somat_Life_Perc,Somat_Curr,Somat_Curr_Perc,Hypoch_Life,Hypoch_Life_Perc,Hypoch_Curr,Hypoch_Curr_Perc,Any_Tic_Life,Any_Tic_Life_Perc,Any_Tic_Curr,Any_Tic_Curr_Perc,Tourette_Life,Tourette_Life_Perc,Tourette_Curr,Tourette_Curr_Perc,ASD_Life,ASD_Life_Perc,ASD_Curr,ASD_Curr_Perc,ADHD_Life,ADHD_Life_Perc,ADHD_Curr,ADHD_Curr_Perc,ODD_Life,ODD_Life_Perc,ODD_Curr,ODD_Curr_Perc,Any_OCRD_Life,Any_OCRD_Life_Perc,Any_OCRD_Curr,Any_OCRD_Curr_Perc,BDD_Life,BDD_Life_Perc,BDD_Curr,BDD_Curr_Perc,TTM_Life,TTM_Life_Perc,TTM_Curr,TTM_Curr_Perc,HD_Life,HD_Life_Perc,HD_Curr,HD_Curr_Perc,SPD_Life,SPD_Life_Perc,SPD_Curr,SPD_Curr_Perc,ORS_Life,ORS_Life_Perc,ORS_Curr,ORS_Curr_Perc,Psychosis_Life,Psychosis_Life_Perc,Psychosis_Curr,Psychosis_Curr_Perc,Schiz_Life,Schiz_Life_Perc,Schiz_Curr,Schiz_Curr_Perc,Any_Eating_Life,Any_Eating_Life_Perc,Any_Eating_Curr,Any_Eating_Curr_Perc,Anorexia_Life,Anorexia_Life_Perc,Anorexia_Curr,Anorexia_Curr_Perc,Bulemia_Life,Bulemia_Life_Perc,Bulemia_Curr,Bulemia_Curr_Perc,Any_Subs_Life,Any_Subs_Life_Perc,Any_Subs_Curr,Any_Subs_Curr_Perc,Alcohol_Life,Alcohol_Life_Perc,Alcohol_Curr,Alcohol_Curr_Perc,Internet_Gaming_Life,Internet_Gaming_Life_Perc,Internet_Gaming_Curr,Internet_Gaming_Curr_Perc,Compulsive_Sexual_Life,Compulsive_Sexual_Life_Perc,Compulsive_Sexual_Curr,Compulsive_Sexual_Curr_Perc,Compulsive_Buying_Life,Compulsive_Buying_Life_Perc,Compulsive_Buying_Curr,Compulsive_Buying_Curr_Perc,Gambling_Life,Gambling_Life_Perc,Gambling_Curr,Gambling_Curr_Perc,Internet_Use_Life,Internet_Use_Life_Perc,Internet_Use_Curr,Internet_Use_Curr_Perc,PTSD_Life,PTSD_Life_Perc,PTSD_Curr,PTSD_Curr_Perc,Any_AxisII,Any_AxisII_Perc,ObsCompPD,ObsCompPD_Perc,SchizoidPD,SchizoidPD_Perc,SchizotypalPD,SchizotypalPD_Perc,BorderlinePD,BorderlinePD_Perc,HistrionicPD,HistrionicPD_Perc,AntisocialPD,AntisocialPD_Perc,NarcicissticPD,NarcicissticPD_Perc,DependentPD,DependentPD_Perc,AnxAvoidPD,AnxAvoidPD_Perc,MixedPD,MixedPD_Perc,ClustA_PD,ClustA_PD_Perc,ClustB_PD,ClustB_PD_Perc,ClustC_PD,ClustC_PD_Perc,Cardiovasc,Cardiovasc_Perc,Diabetes,Diabetes_Perc,Obesity,Obesity_Perc,HTN,HTN_Perc,MetabolicSyn,MetabolicSyn_Perc
Brakoulias 2014,6469,10.1007/s11126-013-9278-y,The Relationships Between Obsessive-Compulsive Symptom Dimensions and Cognitions in Obsessive-Compulsive Disorder,2014,Psychiatric Quarterly,Australia,Cross-Sectional,,,Clinic patients,,154,45.5,16.2,Adult,,,,,,,68,44.1,22,6.7,DSM-IV,MINI,,,,,,,,,25,16.2,,,,,,,,,,,,,,,,,,,49,31.8,,,25,16.2,,,21,13.6,,,,,,,32,20.8,,,,,,,,,,,17,11,,,,,,,,,,,,,,,,,,,,,,,,,,,,,,,,,,,,,,,,,,,,,,,,,,,,,,,,,,,,,,,,,,,,,,,,,,,,,,,,,,,,,,,,,,,,,,,,,,,,,,,,,,,,,,,,,,,,,,,,,,,,,,,,,,,,
deMathis 2008,3857,10.1016/j.eurpsy.2008.01.002,Obsessive-compulsive disorder: Influence of age at onset on comorbidity patterns,2008,European Psychiatry,Brazil,Cross-Sectional,1996,2006,Clinic patients,"Patients were evaluated from 1996 to 2006, in three university hospitals from Sao Paulo (253 patients), Botucatu (27 patients) and Porto Alegre (50 patients).",330,32.85,12.2,Adult,,,14.04,9.08,,,181,54.85,24,0.42,DSM-IV,SCID-I,,,,,233,70.6,,,200,60.6,,,,,,,51,15.45,,,,,,,211,63.9,,,85,25.8,,,124,37.6,,,58,17.57,,,,,,,86,26.1,,,6,1.8,,,9,2.7,,,91,27.6,,,51,15.5,,,,,,,46,13.9,,,,,,,,,,,48,14.5,,,26,7.9,,,,,,,36,11,,,,,,,,,,,,,,,33,10,,,11,3.3,,,9,2.7,,,52,15.8,,,,,,,,,,,,,,,3,0.9,,,1,0.3,,,,,,,15,4.5,,,,,,,,,,,,,,,,,,,,,,,,,,,,,,,,,,,,,,,,
dosSantos-Ribeiro 2016,7614,10.1016/j.psychres.2016.03.020,Prevalence and correlates of electroconvulsive therapy delivery in 1001 obsessive-compulsive disorder outpatients,2016,Psychiatry Research,Brazil,Cohort,2006,2013,Clinic patients,Brazilian Research Consortium on ObsessiveeCompulsive Spectrum Disorders (CTOC).,1001,34.8,12.98,Adult,,,12.5,7.22,,,432,43.1,23.63,5.07,DSM-IV,SCID,,,,,,,,,565,56.4,,,118,11.8,,,72,7.2,,,,,,,,,,,343,34.3,,,345,34.5,,,156,15.6,,,49,4.9,,,314,31.4,,,,,,,,,,,,,,,,,,,,,,,,,,,,,,,,,,,,,,,,,,,,,,,,,,,,,,,9,0.9,,,,,,,,,,,,,,,,,,,,,,,79,7.9,,,,,,,,,,,,,,,,,,,,,,,190,18.9,,,,,,,,,,,,,,,,,,,,,,,,,,,,,,,,,,,,,,,,
Shavitt 2014,6311,10.1016/j.jpsychires.2014.06.010,Phenomenology of OCD: Lessons from a large multicenter study and implications for ICD-11,2014,Journal of Psychiatric Research,Brazil,Cohort,2003,2009,Clinic patients,Brazilian Research Consortium on ObsessiveeCompulsive Spectrum Disorders (CTOC).,1001,34.85,12.99,Adult,9,82,21.76,10.63,,,432,43.2,25.52,7.51,DSM-IV,SCID-I,921,92.1,837,83.6,426,42.6,,,,,332,33.2,,,112,11.2,,,,,,,,,651,65,,,,,338,33.8,,,320,32,,,,,,,,,,,308,30.8,167,16.7,,,,,,,,,,,90,9,,,,,,,127,12.7,127,12.7,,,,,,,,,,,111,11.1,,,,,,,,,,,154,15.4,,,,,,,,,,,,,71,7.1,,,,,,,,,,,67,6.7,,,,,,,,,,,,,,,,,,,,,,,,,,,,,99,9.9,,,,,,,,,,,,,,,,,,,,,,,,,,,,,,,,,,,,,,
Velloso 2016,8168,10.1016/j.eurpsy.2016.05.003,The suicidality continuum in a large sample of obsessive-compulsive disorder (OCD)patients,2016,European Psychiatry,Brazil,Cohort,2006,2013,Clinic patients,Brazilian Research Consortium on ObsessiveeCompulsive Spectrum Disorders (CTOC).,548,34.3,11.3,Adult,,,21,9.6,,,252,46,,,DSM-IV,SCID-I,,,,,,,,,,,,,,,,,,,,,,,,,,,,,,,,,,,,,,,,,,,,,,,,,,,,,,,,,148,27,,,,,,,,,,,,,,,,,,,175,32,,,,,,,,,,,,,,,,,,,,,,,,,,,,,,,,,,,,,,,,,,,,,,,,,,,,,,,,,,,,,,,,,,,,,,,,,,,,,,,,,,,,,,,,,,,,,,,,,,,,,,,,,,,,,,,,
Melca 2015,7205,10.1016/j.janxdis.2015.04.004,The correlates of obsessive-compulsive schizotypal and borderline personality disorders in obsessive-compulsive disorder,2015,Journal of Anxiety Disorders,Brazil,Cross-Sectional,,,Clinic patients,One hundred ten OCD patients who sought treatment at a university clinic for anxiety and obsessive-compulsive spectrum disorders were included in this study.,110,39.4,12.5,Adult,18,70,,,,,55,50,,,DSM-IV-TR,SCID-I,,,,,,,,,,,,,,,,,,,,,,,,,,,,,,,,,,,,,,,,,,,,,,,,,,,,,,,,,,,,,,,,,,,,,,,,,,,,,,,,,,,,,,,,,,,,,,,,,,,,,,,,,,,,,,,,,,,,,,,,,,,,,,,,,,,,,,,,,,,,,,,,,,,,,,,,,58,52.7,23,20.9,,,15,13.6,24,21.8,,,3,2.7,,,,,,,,,,,,,,,,,,,,,,,,
Vorstenbosch 2012,5245,10.1016/j.jocrd.2011.10.002,Exploring the relationship between OCD symptom subtypes and domains of functional impairment,2012,Journal of Obsessive-Compulsive and Related Disorders,Canada,Cross-Sectional,,,Clinic patients,"Participants were referred by a physician (e.g., family doctor, and psychiatrist) to an outpatient anxiety disorders clinic located in Hamilton, Ontario, Canada. ""Anxiety Treatment and Research Clinic, St. Joseph's Healthcare Hamilton, Canada"" ",180,32.88,11.15,Adult,,,17.99,10.05,,,67,37.22,,,DSM-IV-TR,SCID,,,,,68,37.8,,,,,,,,,,,,,,,,,,,115,63.9,,,,,,,,,,,,,,,,,,,,,,,,,,,,,,,,,,,,,,,,,,,,,,,,,,,,,,,,,,,,,,,,,,,,,,,,,,,,,,,,,,,,,,,,,,,,,,,9,5,,,,,,,,,,,,,,,,,,,,,,,,,,,,,,,,,,,,,,,,,,,,,,,,,,,,,,,,,,,,,,,,,,,,
Cameron 2019,8745,10.1016/j.psychres.2019.05.040,A comparison of cluster and factor analytic techniques for identifying symptom-based dimensions of obsessive-compulsive disorder,2019,Psychiatry Research,Canada,Cross-Sectional,2003,2010,Clinic patients,"referred for assessment and treatment to a large outpatient anxiety disorders clinic located in an academic community hospital. ""Anxiety Treatment and Research Clinic, St. Joseph's Healthcare Hamilton, Canada"" ",355,33.51,12.02,Adult,18,65,17.83,9.74,,,157,44.3,24.17,5.2,DSM-IV,SCID-I,277,77.9,,,,,,,,,,,,,,,,,,,,,,,,,,,,,,,,,,,,,,,,,,,,,,,,,,,,,,,,,,,,,,,,,,,,,,,,,,,,,,,,,,,,,,,,,,,,,,,,,,,,,,,,,,,,,,,,,,,,,,,,,,,,,,,,,,,,,,,,,,,,,,,,,,,,,,,,,,,,,,,,,,,,,,,,,,,,,,,,,,,,,,,,,,,,
Jaspers-Fayer 2017,8405,10.1089/cap.2016.0031,Prevalence of Acute-Onset Subtypes in Pediatric Obsessive-Compulsive Disorder,2017,Journal of Child and Adolescent Psychopharmacology,Canada,Cross-Sectional,2011,2015,Clinic patients,University of British Columbia Provincial OCD Program,136,13.01,2.82,Pediatric,6,19,9.4,2.9,,,73,54,21.2,8,DSM-IV,ADIS-IV,,,,,18,13,,,,,,,,,,,,,,,,,,,50,37,,,,,,,,,,,,,,,,,,,,,,,,,,,,,,,31,23,,,,,,,8,6,,,12,9,,,5,4,,,,,,,,,,,,,,,,,,,,,,,,,,,,,,,,,,,,,,,,,,,,,,,,,,,,,,,,,,,,,,,,,,,,,,,,,,,,,,,,,,,,,,,,,,,,,,,,,,,,,,,,,,,,,,,,,,,,
Selles 2020,9741,10.1016/j.jocrd.2020.100588,Family profiles in pediatric obsessive-compulsive disorder,2020,Journal of Obsessive-Compulsive and Related Disorders,Canada,Cross-Sectional,2017,2019,Clinic patients,University of British Columbia Provincial OCD Program,243,13.6,3.1,Pediatric,,,11.7,3.1,,,103,42.4,,,DSM-IV,ADIS-IV,,,,,,,,,,,,,,,,,,,,,,,,,,,,,54,22.2,,,22,9.1,,,,,,,3,1.2,,,11,4.5,,,,,,,,,,,18,7.4,,,,,,,,,,,49,20.2,,,11,4.5,,,,,,,,,,,6,2.5,,,,,,,11,4.5,,,,,,,,,,,,,,,,,,,2,0.8,,,,,,,,,,,,,,,,,,,,,,,,,,,,,,,,,,,,,,,,,,,,,,,,,,,,,,,,,,,,,,,,,,,,,,,,,,,,
Bo 2013,10732,10.2190/PM.46.2.b,Association study between IL-1b-511 C/T polymorphism and obsessive-compulsive disorder (OCD) in Chinese Han population,2013,International Journal of Psychiatry in Medicine,China,Case-Control,,,Clinic patients,,241,29.28,11.58,Adult,,,19.75,10.72,,,150,62.2,,,DSM-IV,SCID,,,,,,,,,,,,,,,,,,,,,,,,,,,,,,,,,,,,,,,,,,,,,,,,,,,,,,,,,13,5.4,,,,,,,,,,,,,,,,,,,,,,,,,,,,,,,,,,,,,,,,,,,,,,,,,,,,,,,,,,,,,,,,,,,,,,,,,,,,,,,,,,,,,,,,,,,,,,,,,,,,,,,,,,,,,,,,,,,,,,,,,,,,,,,,,,,,
Nissen 2018,8348,10.1080/08039488.2018.1486454,The importance of insight avoidance behavior not-just-right perception and personality traits in pediatric obsessive-compulsive disorder (OCD): a naturalistic clinical study,2018,Nordic Journal of Psychiatry,Denmark,Cohort,2007,2016,Clinic patients,,317,13.9,2.8,Pediatric,,,8.9,3.4,,,114,36,24.53,5.47,ICD-10,KSADS-PL,,,,,,,,,18,5.7,,,,,,,,,,,,,,,72,22.7,,,72,22.7,,,,,,,,,,,,,,,,,,,,,,,,,,,39,12.3,,,,,,,,,,,42,13.2,,,,,,,,,,,,,,,,,,,,,,,,,,,,,,,,,,,,,,,22,6.3,,,,,,,,,,,,,,,,,,,,,,,,,,,,,,,,,,,,,,,,,,,,,,,,,,,,,,,,,,,,,,,,,,,,,,,,,,,,,,,,
Delorme 2005,12019,10.1017/S0033291704003253,Admixture analysis of age at onset in obsessive-compulsive disorder,2005,Psychological Medicine,France,Cross-Sectional,1999,2003,Clinic patients,,161,23.9,13.8,Adult,,,12.64,6.79,,,89,55.3,,,DSM-IV,DIGS & KSADS-PL,,,,,,,,,58,36,,,,,,,,,,,,,,,,,,,21,13,,,28,17.4,,,12,7.4,,,,,,,36,22.4,,,,,,,,,,,,,,,35,21.7,,,,,,,45,27.9,,,,,,,,,,,,,,,,,,,,,,,,,,,,,,,,,,,,,,,,,,,,,,,,,,,,,,,,,,,,,,,,,,,,,,,,,,,,,,,,,,,,,,,,,,,,,,,,,,,,,,,,,,,,,,,,,,,,,,,,
Ecker 2014,6502,10.1016/j.jocrd.2013.12.001,Incompleteness and harm avoidance in OCD anxiety and depressive disorders and non-clinical controls,2014,Journal of Obsessive-Compulsive and Related Disorders,Germany,Case-Control,,,Clinic patients,The clinical sample consisted of 278 patients (n1⁄4256 inpatients of the AHG Clinic for Psychosomatics in Bad Dürkheim and n 1⁄4 22 outpatients from four practices of psychotherapists specialized in the behavioral treatment of OCD).,170,39.5,11.9,Adult,18,75,,,,,,,,,ICD-10,Other,,,,,,,,,71,41.8,,,,,,,,,,,,,,,,,,,,,,,,,,,,,,,,,,,,,,,18,10.6,,,,,,,,,,,,,,,,,,,,,,,,,,,,,,,,,,,,,,,,,,,,,,,,,,,,,,,,,,,,,,,,,,,,,,,13,7.6,,,,,,,,,,,,,,,,,,,,,,,,,,,,,,,41,24.1,,,,,,,,,,,,,,,,,,,,,,,,,,,,,,,,,,,,
Adam 2019,8692,10.1186/s13034-019-0286-z,Psychometric evaluation of a parent-rating and self-rating inventory for pediatric obsessive-compulsive disorder: German OCD Inventory for Children and Adolescents (OCD-CA),2019,Child and Adolescent Psychiatry and Mental Health,Germany,Case-Control,,,Clinic patients,Child & Adolescent Psychiatry University of Cologne,181,13.15,2.92,Pediatric,6,18,,,,,91,50.3,,,ICD-10,Other,70,38.9,,,,,,,13,7.2,,,,,,,,,,,,,,,,,,,,,,,,,,,,,,,,,,,,,,,,,,,,,,,19,10.5,,,,,,,9,4.9,,,14,7.7,,,,,,,,,,,,,,,,,,,,,,,,,,,,,,,,,,,,,,,,,,,,,,,,,,,,,,,,,,,,,,,,,,,,,,,,,,,,,,,,,,,,,,,,,,,,,,,,,,,,,,,,,,,,,,,,,,,,,,,,
Lennertz 2013,17988,10.1017/S1461145713000382,The functional coding variant Asn107Ile of the neuropeptide S receptor gene (NPSR1)influences age at onset of obsessive-compulsive disorder,2013,International Journal of Neuropsychopharmacology,Germany,Case-Control,,,Clinic + Community,"206 of them were in-patients of the Departments of Psychiatry of the Universities of Bonn, Cologne, Greifswald, or Homburg while 14 patients were ident- ified in a large community-based sample from the north-eastern region of Germany",232,36.7,13,Adult,,,20.1,11.1,,,108,47.4,,,DSM-IV,SADS & SCID,,,,,136,57.6,,,,,,,91,39.4,,,,,,,,,,,93,39.4,,,,,,,,,,,,,,,,,,,,,,,12,5.1,,,,,,,17,7.2,,,,,,,,,,,,,,,,,,,24,10.2,,,,,,,,,,,,,,,,,,,,,,,,,,,,,,,14,5.9,,,,,,,,,,,19,8.1,,,,,,,,,,,,,,,,,,,,,,,,,,,19,8.1,,,,,,,,,,,,,,,,,,,,,,,,,,,,,,,,,,,,,,,,
Moritz 2004,2595,10.1016/j.psychres.2003.11.003,Dimensional structure of the Hamilton Depression Rating Scale in patients with obsessive-compulsive disorder,2004,Psychiatry Research,Germany,Cross-Sectional,,,Clinic patients,"University Hospital Hamburg-Eppendorf,",162,33.34,10.74,Adult,,,,,,,64,39.51,,,DSM-IV,MINI,,,,,,,,,,,56,35,,,,,,,,,,,,,,,33,20,,,,,,,,,,,,,,,,,,,,,,,,,,,,,,,,,,,,,,,,,,,,,,,,,,,,,,,,,,,,,,,,,,,,,,,,,,,,,,,,,,,2,1.23,,,,,,,,,,,,,,,,,,,,,,,,,,,,,,,,,,,,,,,,,,,,,,,,,,,,,,,,,,,,,,,,,,,,,,,,,,,,,,
Garyfallos 2010,4792,10.1016/j.psychres.2010.01.006,Comorbidity of obsessive-compulsive disorder with obsessive-compulsive personality disorder: Does it imply a specific subtype of obsessive-compulsive disorder?,2010,Psychiatry Research,Greece,Cross-Sectional,,,Clinic patients,,146,33.57,11.5,Adult,,,23.71,9.33,,,64,43.83,21.87,5.57,DSM-IV,MINI,,,,,,,53,36.3,,,,,,,,,,,,,,,,,,,55,37.7,,,,,,,,,,,,,,,,,,,,,,,,,,,,,,,8,5.5,,,,,,,,,,,,,,,,,,,,,,,,,,,,,,,,,,,,,,,,,3,2.05,,,,,,,7,4.8,,,,,,,,,,,7,4.79,,,,,,,,,,,,,,,,,,,,,,,,,,,,,,,,,45,31,0,0,8,3.28,21,14.38,9,6.16,1,0.68,3,2.05,15,10.27,26,17.81,,,,,,,,,,,,,,,,,,
Dell'Osso 2015,7157,10.1017/S1092852915000565,Cigarette smoking in patients with obsessive compulsive disorder: a report from the International College of Obsessive Compulsive Spectrum Disorders (ICOCS),2015,CNS Spectrums,ICOCS,Cross-Sectional,,,Clinic patients,ICOCS,483,43.3,13.1,Adult,,,19.4,10.5,,,193,39.9,23.1,7.8,DSM-IV,MINI,88,18.2,,,,,,,,,,,,,,,,,,,,,,,,,,,,,,,,,,,,,,,,,,,,,,,,,,,,,,,,,,,,,,,,,,,,,,,,,,,,,,,,,,,,,,,,,,,,,,,,,,,,,,,,,,,,,,,,,,,,,,,,,,,,,,,,,,,,,,,,,,,,,,,,,,,,,,,,,,,,,,,,,,,,,,,,,,,,,,,,,,,,,,,,,,,,
Dell’Osso 2016,7725,10.1080/13651501.2016.1207087,Childhood adolescent and adult age at onset and related clinical correlates in obsessive-compulsive disorder: a report from the International College of Obsessive-Compulsive Spectrum Disorders (ICOCS),2016,International Journal of Psychiatry in Clinical Practice,ICOCS,Cross-Sectional,,,Clinic patients,ICOCS,431,43.1,12.8,Adult,,,19.2,10.01,,,182,42,20.6,9.1,DSM-IV,SCID-I and II,,,,,,,,,,,,,,,,,,,,,,,,,,,,,,,,,,,,,,,,,,,,,,,,,,,,,,,,,67,15.5,,,,,,,,,,,,,,,,,,,,,,,,,,,,,,,,,,,,,,,,,,,,,,,,,,,,,,,,,,,,,,,,,,,,,,,,,,,,,,,,,,,,,,,,,,,,,,,,,,,,,,,,,,,,,,,,,,,,,,,,,,,,,,,,,,,,
Dell'osso 2020,9562,10.1017/S1092852919001068,Lifetime bipolar disorder comorbidity and related clinical characteristics in patients with primary obsessive compulsive disorder: a report from the International College of Obsessive-Compulsive Spectrum Disorders (ICOCS),2019,CNS Spectrums,ICOCS,Cross-Sectional,,,Clinic patients,ICOCS,401,38.64,13.26,Adult,,,19.22,10.35,,,158,39.4,25.45,6.61,DSM-IV-TR,SCID-I,,,,,,,,,165,41.14,69,17.21,,,,,32,6.2,,,,,,,,,99,24.5,,,44,10.97,,,55,13.71,,,16,3.99,,,,,,,,,,,,,,,,,,,,,,,,,,,,,,,,,,,,,,,,,,,,,,,,,,,,,,,,,,,,,,,,,,,,,,,,,,,,,,,,,,,,,,,,,,,,,,,,,,,,,,,,,,,,,,,,,,,,,,,,,,,,,,,,,,,,,,,,,,,,,,,,,,,,,,
Bhattacharyya 2005,2721,https://doi.org/10.1159/000088920,Depressive and Anxiety Disorder Comorbidity in Obsessive Compulsive Disorder,2005,Psychopathology,India,Cross-Sectional,2001,2002,Clinic patients,All patients seen over Jan-Dec 2001 in OCD Clinic NIMHANS,218,28.52,0.69,Adult,,,21.32,0.64,,,146,67,,,ICD-10,OPCRIT,,,,,,,,,38,17.4,36,16.5,12,5.5,12,5.5,,,,,,,,,15,6.9,15,6.9,,,5,2.3,,,10,4.6,,,3,1.4,,,,,,,0,0,,,,,,,,,,,,,,,,,,,,,,,,,,,,,,,,,,,,,,,,,,,,,,,,,,,,,,,,,,,,,,,,,,,,,,,,,,,,,,,,,,,,,,,,,,,,,,,,,,,,,,,,,,,,,,,,,,,,,,,,,,,,,,,,,,,,,,,,,,,,,,
Narayanaswamy 2012,6276,10.1016/j.psychres.2012.03.037,Impact of age of onset of illness on clinical phenotype in OCD,2012,Psychiatry Research,India,Cross-Sectional,2004,2009,Clinic patients,Consecutive patients registered in OCD Clinic over this time period,545,29.32,10.56,Adult,,,21.79,9.4,,,332,60.9,23.31,8.19,DSM-IV,MINI-Plus,,,,,,,,,,,,,,,,,,,,,,,,,,,,,,,,,,,,,,,,,,,,,,,,,,,,,,,,,,,,,,,,,,,,,,,,,,,,,,,33,6.1,,,,,,,,,,,,,,,,,,,,,,,,,,,,,,,1,0.2,,,,,,,,,,,17,3.2,,,,,,,,,,,,,,,,,,,,,,,,,,,,,,,,,,,,,,,,,,,,,,,,,,,,,,,,,,,,,,,,,,
Prabhu 2013,5984,10.1016/j.jocrd/2012.10.002,Symptom dimensions in OCD and their association with clinicalcharacteristics and comorbid disorders,2013,Journal of Obsessive-Compulsive and Related Disorders,India,Cross-Sectional,2009,2010,Clinic patients,New patients in OCD Clinic NIMHANS,161,28.85,8.99,Adult,18,60,20.03,6.66,,,90,55.9,28.44,5.05,DSM-IV,MINI-Plus,,,,,,,,,,,,,,,,,,,,,,,,,,,35,21.7,,,,,,,,,,,,,,,,,,,,,,,,,,,,,,,,,,,1,0.6,,,,,,,,,,,,,,,,,,,,,,,,,,,,,,,,,,,,,,,,,,,,,,,,,,,,,,,,,,,,,1,0.6,,,,,,,,,,,,,,,,,,,,,,,,,,,,,25,15.5,1,0.6,2,1.2,3,1.9,,,,,,,1,0.6,15,9.3,,,,,,,,,,,,,,,,,,
Viswanath 2011,5426,10.1159/000317776,Is Familial Obsessive-Compulsive Disorder Different from Sporadic Obsessive-Compulsive Disorder? A Comparison of Clinical Characteristics Comorbidity and Treatment Response,2011,Psychopathology,India,Cross-Sectional,1998,2008,Clinic patients,OCD Clinic- 80 with family history compared with randomly selected 84 from rest,164,,,Adult,,,22.19,10.13,,,106,64.63,23.77,7.75,DSM-IV-TR,MINI,,,,,,,,,,,,,,,,,,,,,,,,,,,,,,,,,7,,,,,,,,,,,,,,,,,,,,,,,,,,,,,,,,,,,,,,,,,,,,,,,,,,,,,,,,,,,,,,,,,,,,5,,,,,,,,,,,,,,,,,,,,,,,,,,,,,,,,,,,,,,,,,,,,,,,,,,,,,,,,,,,,,,,,,,,,,,,,,,,,,,,,,,,,,,,,,
Viswanath 2012,5609,10.1016/j.comppsych.2011.10.008,Impact of depressive and anxiety disorder comorbidity on the clinical expression of obsessive-compulsive disorder,2012,Comprehensive Psychiatry,India,Cross-Sectional,2004,2009,Clinic patients,Consecutive patients registered in OCD Clinic over this time period,545,29.3,10.6,Adult,,,21.79,9.4,,,332,60.9,23.31,8.2,,MINI-Plus,,,,,,,,,165,30.3,,,89,16.3,,,15,2.8,,,,,,,114,20.9,,,,,,,,,,,10,1.8,,,4,0.7,,,71,13,,,,,,,4,0.7,,,21,3.9,,,3,0.6,,,,,,,,,,,,,,,33,6.1,,,3,0.6,,,,,,,,,,,,,,,,,,,,,,,,,,,1,0.2,,,,,,,,,,,17,3.2,,,,,,,,,,,,,,,,,,,,,,,,,,,,,,,,,,,,,,,,,,,,,,,,,,,,,,,,,,,,,,,,,,,,
Arumugham 2014,6726,10.1016/j.comppsych.2014.07.006,Comparison of clinical characteristics of familial and sporadic obsessive-compulsive disorder,2014,Comprehensive Psychiatry,India,Cross-Sectional,2004,2012,Clinic patients,Consecutive patients registered in OCD clinic over this time period,802,29.4,10.4,Adult,,,21.7,9.09,,,497,62,23.49,8.01,DSM-IV-TR,MINI-Plus,482,60.1,456,56.8,482,60.1,,,,,220,27.4,,,131,16.3,,,20,2.5,,,,,,,,,43,5.4,51,6.3,,,101,12.6,,,30,3.7,,,6,0.7,,,9,1.1,,,5,0.6,,,8,0.9,,,33,4.1,,,,,,,,,,,,,,,,,,,,,,,5,0.6,,,,,,,,,,,,,,,,,,,22,2.7,,,,,,,,,,,0,0,,,,,,,,,,,6,0.7,,,,,,,,,,,,,,,,,,,,,,,0,0,,,,,,,,,,,,,,,,,,,,,,,,,,,,,,,,,,,,,,
Balachander 2020,9884,10.1177/0706743720927830,Long-term Outcomes of Intensive Inpatient Care for Severe Resistant Obsessive-Compulsive Disorder,2020,The Canadian Journal of Psychiatry,India,Cohort,2012,2017,Clinic patients,All inpatients over this time period at NIMHANS. From old case registry or new. Checked ~75% sample does not overlap with previous literature,420,29.54,10.77,Adult,,,19.28,8.54,,,251,59.8,29.94,4.5,DSM-IV-TR,MINI,,,,,,,,,,,174,41.43,,,31,7.38,33,7.86,,,,,,,,,,,,,27,6.43,,,24,5.71,,,8,1.9,,,4,0.95,,,,,,,,,,,,,,,18,4.29,,,,,,,,,,,,,,,,,,,,,,,17,4.05,,,4,0.95,,,1,0.24,,,2,0.48,,,1,0.24,35,8.33,,,,,,,,,,,,,,,,,,,,,,,,,6,1.43,,,,,,,,,,,,,,,,,,,,,,,,,,,31,7.38,1,0.24,16,3.81,36,8.57,2,0.48,2,0.48,1,0.24,6,1.43,17,4.05,7,1.67,,,,,,,,,,,,,,,,
Mohammadi 2007,4235,10.1002/da.20259,Lifetime comorbidity of obsessive-compulsive disorder with psychiatric disorders in a community sample,2006,Depression and Anxiety,Iran,Cross-Sectional,,,Community,,444,37.2,16.6,Adult,,,,,,,223,50.3,,,DSM-IV,SADS,157,35.4,,,,,,,62,14,,,,,,,13,3,,,,,,,,,,,23,5.2,,,36,8.1,,,29,6.5,,,,,,,48,10.8,,,4,0.9,,,,,,,,,,,,,,,,,,,,,,,,,,,,,,,,,,,,,,,,,,,,,,,,,,,10,2.3,,,,,,,,,,,,,,,,,,,,,,,,,,,,,,,,,,,,,,,,,,,,,,,5,1.1,,,,,,,,,,,,,,,,,,,,,,,,,,,,,,,,,,,,,,,,
Albert 2013,6052,10.1016/j.genhosppsych.2012.10.004,Metabolic syndrome and obsessive-compulsive disorder: a naturalistic Italian study,2013,General Hospital Psychiatry,Italy,Cross-Sectional,2005,2011,Clinic patients,all patients with a principal diagnosis of OCD consecutively admitted to the Psychiatric Inpatient Unit and to the Mood and Anxiety Disorders Outpatient Unit of the University of Turin (Italy) from January 2005 to December 2011,104,35.9,14,Adult,,,19.7,7.3,,,62,59.6,25.2,6.2,DSM-IV-TR,SCID-I,,,,,,,,,,,,,,,,,18,17.3,,,,,,,,,,,,,,,,,,,,,,,,,,,,,,,,,,,,,,,,,,,,,,,,,,,,,,,,,,,,,,,,,,,,,,,,,,,,,,,,,,,,,,,,,,,,,,,,,,,,,,,,,,,,,,,,,,,,,,,,,,,,,,,,,,,,,,,,,,,,,,,,,,,,,,,,,,,,,,,,,,,41,39.4,,,38,36.5,44,42.3,22,21.2
Albert 2015,7348,10.1016/j.jad.2015.07.045,Admixture analysis of age at symptom onset and age at disorder onset in a large sample of patients with obsessive-compulsive disorder,2015,Journal of Affective Disorders,Italy,Cross-Sectional,,,Clinic patients,"Participants were recruited consecutively among subjects referred to the Psychiatric Section of the Department of Neuroscience, University of Turin (Italy); this is a tertiary referral center located within the University Hospital and specialized in the treatment of patients with OCD. Data were obtained from each patient by a semi-structured interview that we developed and used in previous studies (Albert et al., 2002a, 2013; Bogetto et al., 1999; D’Ambrosio et al., 2010; Maina et al., 1999)",483,34.4,12.2,Adult,,,22.1,9.1,,,251,51.97,24.95,6.11,DSM-IV-TR,SCID-I,381,78.9,336,69,304,62.9,266,55,,,,,,,,,,,,,,,,,123,25.5,90,18.6,,,,,,,,,,,,,,,,,,,,,,,,,,,,,36,7.4,,,,,,,,,,,,,,,,,,,,,,,,,,,,,,,,,,,,,,,,,,,,,,,,,,,,,,,,,,,,,,,,,,,,,,,,,,,,,,,,,,,,,,,,,,,,,,,217,44.9,,,,,,,,,,,,,,,,,,,,,52,10.8,68,14.1,142,29.4,,,,,,,,,,
Albert 2010,4429,10.1016/j.comppsych.2009.03.004,Clinical predictors of health-related quality of life in obsessive-compulsive disorder,2010,Comprehensive Psychiatry,Italy,Cross-Sectional,,,Clinic patients,"We enrolled all consecutive patients with a principal diagnosis of OCD and with a YBOCS total score of 16 or greater who were referred to the Mood and Anxiety Disorders Unit of the University of Turin, Italy.",151,36.3,12.08,Adult,,,23.05,9.47,,,80,53,24.14,6.76,DSM-IV,SCID-I and II,,,,,,,,,,,,,,,,,,,,,,,,,,,,,,,,,,,,,,,,,,,,,,,,,,,,,,,,,,,,,,,,,,,,,,,,,,,,,,,,,,,,,,,,,,,,,,,,,,,,,,,,,,,,,,,,,,,,,,,,,,,,,,,,,,,,,,,,,,,,,,,,,,,,,,,,,,,,,,,,,,,,,,,,,,,,,,,,,,,,,,,,,,,,,,
Maina 2008,3853,10.1016/j.psychres.2006.08.003,Early-onset obsessive-compulsive disorder and personality disorders in adulthood,2008,Psychiatry Research,Italy,Cross-Sectional,2000,2005,Clinic patients,"Subjects for this study were recruited from all patients with a principal diagnosis of OCD consecu- tively referred to the Mood and Anxiety Disorders Unit, Department of Neurosciences, University of Turin (Italy) over a period of 5 years (January 2000–February 2005).",148,34.8,11.8,Adult,,,22.8,9,,,75,50.7,26.2,6,DSM-IV,SCID-I and II,,,,,117,79.1,,,34,23,,,10,6.8,,,19,12.84,,,,,,,58,39.2,,,32,21.6,,,11,7.4,,,12,8.1,,,,,,,21,14.2,,,,,,,,,,,,,,,,,,,,,,,,,,,,,,,,,,,,,,,,,,,,,,,,,,,,,,,12,8.1,,,,,,,8,5.4,,,2,1.4,,,3,2,,,6,5.9,,,,,,,,,,,,,,,,,,,,,,,,,,,,,,,,,43,29.1,12,8.1,15,10.1,20,13.5,9,6.1,9,6.1,12,8.1,25,16.9,31,20.9,,,,,,,,,,,,,,,,,,
Albert 2019,9549,10.1016/j.eurpsy.2019.01.017,Duration of untreated illness and response to SRI treatment in Obsessive-Compulsive Disorder,2019,European Psychiatry,Italy,Other,1998,2017,Clinic patients,"adult patients (!18 years of age) with a principal (SCID-I, DSM-IV) OCD diagnosis and Y-BOCS total score !16 who referred to our Department in the years 1998-2017. (university of Bologna)",251,37.36,13.62,Adult,18,,22.21,9.19,,,135,53.8,24.15,6.42,DSM-IV,SCID-I,185,73.7,,,128,51,,,,,,,,,,,,,,,,,,,64,25.5,,,,,,,,,,,,,,,,,,,,,,,,,,,,,,,,,,,,,,,,,,,,,,,,,,,,,,,,,,,,,,,,,,,,,,,,,,,,,,,,,,,10,4,,,,,,,,,,,20,8,,,,,,,,,,,,,,,,,,,,,,,,,,,,,,,,,,,,,,,,,,,,,,,,,,,,,,,,,,,,,,,,,,,,
Benatti 2020,9980,10.1016/j.jpsychires.2020.09.019,Clinical characteristics and comorbidity associated with female gender in obsessive-compulsive disorder,2020,Journal of Psychiatric Research,Italy,Cross-Sectional,,,Clinic patients,"The sample consisted of 229 consecutive OCD outpatients of either gender and any age, attending the OCD tertiary outpatient clinic of ‘Luigi Sacco’ University Hospital of Milan, Italy",229,41.08,13.5,Adult,,,22.43,10.85,,,116,50.7,24.24,7.72,DSM-5,SCID-I and II,148,62.9,,,76,33.2,,,,,,,,,,,,,,,,,,,25,10.9,,,,,,,,,,,,,,,,,,,,,,,1,0.4,,,,,,,12,5.2,,,,,,,,,,,,,,,,,,,,,,,,,,,,,,,,,,,,,,,,,,,,,,,,,,,5,2.2,,,,,,,,,,,29,13.4,,,,,,,,,,,,,,,,,,,,,,,,,,,,,,,,,36,17,,,,,,,,,,,,,,,,,,,,,,,,,,,,,,,,,,
Bulli 2016,7623,10.1007/s11126-015-9393-z,Comorbid Personality Disorders in Obsessive-Compulsive Disorder and Its Symptom Dimensions,2015,Psychiatr Q,Italy,Cross-Sectional,,,Clinic patients,"In total, 203 patients with a primary diagnosis of OCD who were referred to a private institute of psychiatry and psychotherapy in central Italy for evaluation and treatment were included in the study.",159,34.6,9.1,Adult,18,,,,,,86,54.1,25.79,,DSM-IV-TR,MINI,,,,,,,,,,,,,,,,,,,,,,,,,,,,,,,,,,,,,,,,,,,,,,,,,,,,,,,,,,,,,,,,,,,,,,,,,,,,,,,,,,,,,,,,,,,,,,,,,,,,,,,,,,,,,,,,,,,,,,,,,,,,,,,,,,,,,,,,,,,,,,,,,,,,,,,,,33,20.8,15,9.4,0,0,1,0.6,3,1.9,1,0.6,0,0,10,6.3,0,0,3,1.9,,,1,0.6,14,8.8,18,11.3,,,,,,,,,,
Dell'Osso 2017,8843,10.1080/13651501.2016.1249891,Clinical features associated with increased severity of illness in tertiary clinic referred patients with obsessive compulsive disorder,2017,International Journal of Psychiatry in Clinical Practice,Italy,Cross-Sectional,,,Clinic patients,"One-hundred and twenty-four consecutive outpatients of either gender and any age, including adolescents, with a diagnosis of OCD, according to the criteria of the DSM-5 (APA, 2013), were recruited over a period of 10 years at the University Hospital Policlinico, OCD Unit, in Milan, Italy. The sample included both patients at their first psychiatric contact and patients that had pre- viously received treatments for OCD in other centres.",124,40.2,14.6,Adult,,,23.3,11.9,,,62,50,25.8,6.4,DSM-5,SCID-I and II,77,62,,,,,,,,,,,,,,,,,,,,,,,,,,,,,,,,,,,,,,,,,,,,,,,,,,,,,,,,,,,,,,,,,,,,,,,,,,,,,,,,,,,,,,,,,,,,,,,,,,,,,,,,,,,,,,,,,,,,,,,14,11,,,,,,,,,,,,,,,,,,,,,,,,,,,,,,,,,27,22,,,,,,,,,,,,,,,,,,,,,,,,,,,,,,,,,,
Ronchi 1992,672,10.1017/S0924933800003291,The epidemiology of obsessive-compulsive disorder in an Italian population,1992,European Psychiatry,Italy,Cross-Sectional,1990,1991,Clinic patients,"The sample consisted of 131 white patients (60 males and 71 females), evaluated in the Anxiety Disorder Clinic Unit at S Raffaele Hospital, Milan",131,34.7,13.3,Adult,,,22.1,10,,,60,45.8,,,DSM-III-R,DIS-R,71,54.2,,,,,,,42,32.3,,,3,2.2,,,5,3.8,,,,,,,,,,,,,,,,,,,7,5.4,,,,,,,,,,,,,,,,,,,16,12.3,,,,,,,,,,,,,,,,,,,,,,,,,,,,,,,,,,,,,,,,,,,,,,,,,,,,,,,5,3.8,,,,,,,,,,,,,,,,,,,,,,,,,,,,,,,,,,,,,,,,,,,,,,,,,,,,,,,,,,,,,,,,,,,,,,,,,,,,
Milanfranchi 1995,532,10.1016/0924-9338(96)80341-5,Comorbidity in obsessive-compulsive disorder: focus on depression,1995,European Psychiatry,Italy,Other,,,Clinic patients,"University of Pisa, Italy",154,34.2,13,Adult,,,22.7,11.4,,,60,38.9,,,DSM-IV,SCID-IV,,,,,,,,,,,30,19.6,,,,,,,,,,,,,,,,,25,16.5,,,,,,,18,11.8,,,,,,,,,,,,,,,,,,,,,,,,,,,,,,,,,,,,,,,,,,,,,,,,,,,,,,,,,,,,,,,,,,,,,,,,,,,,,,,,,,,,,,,,,,,,,,,,,,,,,,,,,,,,,,,,,,,,,,,,,,,,,,,,,,,,,,,,,,,,,,,,,,,,,,,,
Yanagisawa 2015,7404,10.1016/j.comppsych.2015.03.002,Clinically related or predictive factors and impacts on long-term treatment outcomes of involvement behaviors in patients with obsessive-compulsive disorder,2015,Comprehensive Psychiatry,Japan,Cross-Sectional,2008,2012,Clinic patients,A total of 256 adult outpatients who met the DSM-IV criteria for OCD [19] and were consecutively admitted to our hospital and/or Osaka City University hospital between 2008 and 2012 participated in this study.,256,30.1,9.3,Adult,,,22.5,7.5,,,113,44.1,27.6,4.8,DSM-IV,SCID-IV,,,,,,,,,120,46.9,,,,,,,,,,,,,,,64,25,,,,,,,,,,,,,,,,,,,,,,,,,,,,,,,,,,,,,,,,,,,,,,,,,,,,,,,,,,,,,,,,,,,,,,,,,,,,,,,,,,,,,,,,,,,,,,,,,,,,,,,,,,,,,,,,,,,,,,,,,,,,,,,,,,,,,,,,,,,,,,,,,,,,,,,,,,,,,,,,,,,,
Matsunaga 2008,3781,10.1176/appi.ajp.2007.07020340,Symptom structure in Japanese patients with obsessive-compulsive disorder,2008,American Journal of Psychiatry,Japan,Cross-Sectional,,,Clinic patients,"De- partment of Neuropsychiatry, Osaka City University Medical School ",343,30.4,9.4,Adult,15,68,22.6,7.4,,,142,41.4,26.9,4.8,DSM-IV,SCID-I,,,,,,,,,151,44,,,,,,,,,,,,,,,,,,,,,,,,,,,,,,,,,,,,,,,,,,,,,,,,,,,,,,,,,,,,,,,,,,,,,,,,,,,,,,,,,,,,,,,,,,,,,,,,,,,,,,,,,,,,,,,,,,,,,,,,,,,,,,,,,,,,,,,,,,,,,,,,,,,,,,,,,,,,,,,,,,,,,,,,,,,,,,,,,,,,
Matsunaga 2010,4379,10.1017/s1092852900000092,Clinical Features and Treatment Characteristics of Compulsive Hoarding in Japanese Patients with Obsessive-Compulsive Disorder,2010,CNS Spectrums,Japan,Cross-Sectional,,,Clinic patients,"Department of Neuropsychiatry at Osaka City University, Graduate School of Medicine in Japan. ",168,30.32,8.84,Adult,,,22.36,6.63,,,58,34.52,27.69,4.46,DSM-IV,SCID-I and II,,,,,,,,,,,,,,,,,,,,,,,,,,,,,,,,,,,,,,,,,,,,,,,,,,,,,,,,,,,,,,,,,,,,,,,,,,,,,,,,,,,,,,,,,,,,,,,,,,,,,,,,,,,,,,,,,,,,,,,,,,,,,,,,,,,,,,,,,,,,,,,,,,,,,,,,,,,15,9.14,,,9,5.36,,,,,,,,,,,,,,,16,9.75,17,10.25,50,29.53,,,,,,,,,,
Koh 2015,7334,10.1371/journal.pone.0143168,Lack of Association between Oxytocin Receptor (OXTR) Gene Polymorphisms andAlexithymia: Evidence from Patients with Obsessive-Compulsive Disorder,2015,PLOS One,Korea,Cross-Sectional,2006,2015,Clinic patients,,355,30.48,11.13,Adult,,,18.82,9.21,,,234,65.92,22.16,8.7,DSM-IV-TR,SCID,,,,,,,,,97,27.32,,,,,,,,,,,,,,,51,14.37,,,,,,,,,,,,,,,,,,,,,,,,,,,,,,,,,,,,,,,,,,,,,,,,,,,,,,,,,,,,,,,,,,,,,,,,,,,,,,,,,,,,,,,,,,,,,,,,,,,,,,,,,,,,,,,,,,,,,,,,,,,,,,,,,,,,,,,,,,,,,,,,,,,,,,,,,,,,,,,,,,,,
Camarena 2007,3431,10.1016/j.euroneuro.2006.08.001,Association study between the dopamine receptor D4 gene and obsessive-compulsive disorder,2007,European Neuropsychopharmacology,Mexico,Case-Control,,,Clinic patients,"The sample consisted of 210 OCD subjects from Mexican origin. The patients, who met DSM-IV criteria for OCD, were recruited from National Institute of Psychiatry Ramón de la Fuente and Carracci Medical Group in Mexico City.",168,25.9,10.4,Adult,,,20.4,8.2,,,104,49.5,23.9,8,DSM-IV,DIS,,,,,,,,,118,70,,,,,,,,,,,,,,,,,,,,,,,,,,,,,,,,,,,,,,,,,,,,,,,38,22.62,,,1,0.05,,,,,,,,,,,,,,,,,,,,,,,,,,,,,,,,,,,,,,,,,,,,,,,,,,,,,,,,,,,,,,,,,,,,,,,,,,,,,,,,,,,,,,,,,,,,,,,,,,,,,,,,,,,,,,,,,,,,,,,,,,,,,,,,
Camarena 2001,1474,10.1002/ajmg.1323,Additional Evidence That Genetic Variationof MAO-A Gene Supports a Gender Subtype inObsessive-Compulsive Disorder,2001,American Journal of Medical Genetics (Neuropsychiatric Genetics),Mexico,Cross-Sectional,,,Clinic patients,"The sample consisted of 122 OCD patients (59 females and 63 males; mean age, 36.5 􏰂 12 and 33.1 􏰂 10 years, respectively) from the National Insti- tute of Psychiatry in Mexico City who met DSM-IV criteria for OCD as primary diagnoses.",122,34.74,11.01,Adult,,,21.39,8.4,,,63,51.64,,,DSM-IV,DIS,,,,,,,,,89,73,,,,,,,,,,,,,,,,,,,,,,,,,,,,,,,,,,,,,,,,,,,,,,,,,,,,,,,,,,,,,,,,,,,,,,,,,,,,,,,,,,,,,,,,,,,,,,,,,,,,,,,,,,,,,,,,,,,,,,,,,,,,,,,,,,,,,,,,,,,,,,,,,,,,,,,,,,,,,,,,,,,,,,,,,,,,,,,,,,,,
duMortier 2019,9361,10.1016/j.psychres.2018.11.042,Examining the factor structure of the self-report Yale-Brown Obsessive Compulsive Scale Symptom Checklist,2018,Psychiatry Research,Netherlands,Cohort,,,Clinic patients,"NOCDA 1 year follow-up, but comorbidities from baseline",286,38.4,11.1,Adult,18,80,18.4,9.6,,,119,41.61,15.9,8.9,DSM-IV,SCID-I,,,,,,,,,,,,,,,,,,,,,,,,,,,,,,,,,,,,,,,,,,,,,,,,,,,,,,,,,,,,,,,,,,,,,,,,,,,,,,,,,,,,,,,,,,,,,,,,,,,,,,,,,,,,,,,,,,,,,,,,,,,,,,,,,,,,,,,,,,,,,,,,,,,,,,,,,,,,,,,,,,,,,,,,,,,,,,,,,,,,,,,,,,,,,,
Rees 2014,14577,10.1016/j.paid.2014.07.025,Personality and symptom severity in Obsessive-Compulsive Disorder: The mediating role of depression,2014,Personality and Individual Differences,Netherlands,Cohort,,,Clinic patients,NOCDA baseline,322,36.27,11.15,Adult,18,79,18.1,9.47,,,141,43.8,21.11,7.07,DSM-IV,SCID-I,,,,,,,,,,,,,,,,,,,,,,,,,,,,,,,,,,,,,,,,,,,,,,,,,,,,,,,,,,,,,,,,,,,,,,,,,,,,,,,,,,,,,,,,,,,,,,,,,,,,,,,,,,,,,,,,,,,,,,,,,,,,,,,,,,,,,,,,,,,,,,,,,,,,,,,,,,,,,,,,,,,,,,,,,,,,,,,,,,,,,,,,,,,,,,
Anholt 2014,6839,10.1017/S0033291713000470,Age of onset in obsessive-compulsive disorder: admixture analysis with a large sample,2014,Psychological Medicine,Netherlands,Cohort,,,Clinic patients,NOCDA baseline,377,36.3,11.2,Adult,,,18.33,9.4,,,164,43.5,,,DSM-IV,SCID-I,,,,,,,,,,,,,,,,,,,,,,,,,,,,,,,,,,,,,,,,,,,,,,,,,,,,,,,,,,,,,,,,,,,,,,,,,,,,,,,,,,,,,,,,,,,,,,,,,,,,,,,,,,,,,,,16,4.2,,,,,,,,,,,,,,,,,,,,,,,,,,,,,,,,,,,,,,,,,,,,,,,,,,,,,,,,,,,,,,,,,,,,,,,,,,,,,,
Hofmeijer-Sevink 2013,6134,10.1016/j.jad.2013.03.014,Clinical relevance of comorbidity in obsessive compulsive disorder :The Netherlands OCD Association study,2013,Journal of Affective Disorders,Netherlands,Cohort,,,Clinic patients,NOCDA baseline,382,36.4,10.9,Adult,,,18.05,8.9,,,164,43,21.2,7.04,DSM-IV-TR,SCID-I,,,,,244,63.9,95,24.9,,,70,18.3,,,21,5.5,,,4,1,,,,,176,46.1,140,36.6,,,35,9.2,,,73,19.1,,,35,9.2,10,2.6,5,1.3,,,32,8.2,,,22,5.8,,,,,,,,,,,,,,,,,,,,,,,,,,,,,,,,,,,,,,,,,,,,,,,,,,,10,2.6,,,,,,,,,,,,,,,,,,,20,5.2,,,,,,,,,,,,,,,,,,,,,,,,,,,12,3.1,,,,,,,,,,,,,,,,,,,,,,,,,,,,,,,,,,,,,,
vanOudheusden 2020,9890,10.1002/brb3.1641,Classification of comorbidity in obsessive-compulsive disorder: A latent class analysis,2020,Brain and Behavior,Netherlands,Cohort,2005,2009,Clinic patients,NOCDA baseline,419,36.6,10.9,Adult,17,79,18.5,9.6,,,184,44.2,19.9,8.1,DSM-IV,SCID-I,,,,,,,,,237,56.6,,,22,5.3,,,13,3.1,,,,,,,,,,,38,9.1,,,97,23.2,,,94,22.4,,,,,,,43,10.3,,,22,5.3,,,,,,,113,27.3,,,,,,,27,6.7,,,90,21.7,,,,,,,,,,,,,,,,,,,,,,,,,,,,,,,18,4.3,,,,,,,44,10.5,,,,,,,,,,,53,12.6,,,,,,,,,,,,,,,,,,,,,,,,,,,19,4.5,,,,,,,,,,,,,,,,,,,,,,,,,,,,,,,,,,,,,,,,
DeHaan 2009,5027,10.1017/s1092852900020381,Prevalence of Psychotic Disorders in Patients with Obsessive-Compulsive Disorder,2009,CNS Spectrum,Netherlands,Cross-Sectional,2000,2006,Clinic patients,"The study was conducted in a specialized academic department dedicated to the diagnosis and treatment of OCD in Utrecht, The Netherlands. All consecutively referred patients underwent an extensive diagnostic protocol ",757,,,Adult,,,21.9,3.2,,,294,37.7,23.9,7,DSM-IV,SCID,,,,,,,,,,,,,,,,,,,,,,,,,,,,,,,,,,,,,,,,,,,,,,,,,,,,,,,,,,,,,,,,,,,,,,,,,,,,,,,,,,,,,,,,,,,,,,,,,,,,,13,1.7,,,8,1.05,,,,,,,,,,,,,,,,,,,,,,,,,,,,,,,,,,,,,,,,,,,,,,,,,,,,,,,,,,,,,,,,,,,,,,,,,,,,,,,,,,,,
Denys 2004,3062,10.1016/S0165-0327(03)00056-9,Axis I and II comorbidity in a large sample of patients with obsessive-compulsive disorder,2004,Journal of Affective Disorders,Netherlands,Cross-Sectional,1997,2002,Clinic patients,"anxiety research unit of the psychiatry department at the University Medical Centre Utrecht, offering spe- cialized treatment for anxiety disorders.",420,36,11.9,Adult,,,19.8,9.7,,,,38,24.2,6.9,DSM-IV,MINI,,,202,48,114,27.1,,,87,20.7,,,12,2.8,,,4,0.95,,,,,,,54,12.8,,,4,0.95,,,15,3.6,,,17,4,,,,,,,4,0.95,,,16,3.8,,,12,2.8,,,,,,,8.8,2.1,,,,,,,,,,,,,,,,,,,,,,,,,,,,,,,,,,,,,,,14,3.3,,,,,,,10,2.4,,,,,,,,,,,18,4.3,,,6,1.5,,,,,,,,,,,,,,,,,,,,,,,7,1.6,,,151,36,38,9,0,0,5,1.2,24,5.6,6,1.5,2,0.5,10,2.4,32,7.6,19,4.6,,,6,1.4,41,9.7,87,20.7,,,,,,,,,,
Denys 2006,3584,10.1016/j.jad.2005.12.011,Association between serotonergic candidate genes and specific phenotypes of obsessive compulsive disorder,2006,Journal of Affective Disorders,Netherlands,Case-Control,,,Clinic patients,The patient sample comprised 156 unrelated patients with OCD from consecutive referrals to the anxiety research unit of the department of psychiatry at the University Medical Centre Utrecht,156,36.6,11.5,Adult,,,17.7,8.3,,,56,35.9,24.9,5.7,DSM-IV,MINI,,,,,,,,,,,,,,,,,,,,,,,,,,,,,,,,,,,,,,,,,,,,,,,,,,,,,,,,,,,,,,,,,,,,,,,,,,,,,,,,,,,,,,,,,,,,,,,,,,,,,,,,,,,,,,,,,,,,,,,,,,,,,,,,,,,,,,,,,,,,,,,,,,,,,,,,,,,,,,,,,,,,,,,,,,,,,,,,,,,,,,,,,,,,,,
Denys 2006,2913,10.1016/j.euroneuro.2005.12.001,Association between the dopamine D2 receptor TaqI A2 allele and low activity COMT allele with obsessiveâ€”compulsive disorder in males,2006,European Neuropsychopharmacology,The Netherlands,Case-Control,,,Clinic patients,The patient sample comprised 159 unrelated patients with OCD from consecutive referrals to the anxiety research unit of the department of psychiatry at the University Medical Centre Utrecht,159,36,11,Adult,,,17.7,8.3,,,59,37,24.9,5.7,DSM-IV,MINI,,,,,,,,,,,,,,,,,,,,,,,,,,,,,,,,,,,,,,,,,,,,,,,,,,,,,,,,,9,5.6,,,,,,,,,,,,,,,,,,,,,,,,,,,,,,,,,,,,,,,,,,,,,,,,,,,,,,,,,,,,,,,,,,,,,,,,,,,,,,,,,,,,,,,,,,,,,,,,,,,,,,,,,,,,,,,,,,,,,,,,,,,,,,,,,,,,
Katerberg 2010,15414,10.1002/ajmg.b.30971,The Role of the COMT Val158Met Polymorphism in the Phenotypic Expression of Obsessive-Compulsive Disorder,2010,American Journal of Medical Genetics,Netherlands,Case-Control,,,Clinic patients,"Patients were recruited at three sites in The Netherlands (the University Medical Center Utrecht, the University Medical Center in Groningen, and the VU Medical Center in Amsterdam). In Utrecht patients were recruited among patients diagnosed with primary OCD at the anxiety research unit of the University Medical Center. Most of these patients were enrolled in a previous factor analytic study and/or a previous association study [Denys et al., 2004a; Denys et al., 2006]. Patients recruited in Amsterdam were from the psychiatric outpatient clinic of the VU Medical Center, referrals from other mental health care institutions and meetings of the Dutch Tourette Association. In Groningen patients were recruited from the (outpatient) clinic of the University Medical Center, referrals from other mental health care institutions, patient societies and advertisements in local newspapers. Comorbidity given only for Amstrerdam sample. No overlap with other studies",147,36.1,11,Adult,,,15.3,8,,,67,45.6,21,8.2,DSM-IV,SCID-I,,,,,,,,,,,,,,,,,,,,,,,,,,,,,,,,,,,,,,,,,,,,,,,,,,,,,,,,,65,46.6,,,,,,,,,,,,,,,,,,,,,,,,,,,,,,,,,,,,,,,,,,,,,,,,,,,,,,,,,,,,,,,,,,,,,,,,,,,,,,,,,,,,,,,,,,,,,,,,,,,,,,,,,,,,,,,,,,,,,,,,,,,,,,,,,,,,
vanderVeld 2020,13334,10.1027/1015-5759/a000600,Psychometric Properties of the Dutch Dimensional Obsessive-Compulsive Scale (DOCS),2020,European Journal of Psychological Assessment,Netherlands,Cross-Sectional,2011,2016,Clinic patients,"Participants are patients of Pro Persona’s Centre of Exper- tise for Anxiety, OCD, and PTSD. Pro Persona is an inte- grated mental healthcare institute working closely with associated hospitals. ",400,35.1,11.6,Adult,,,,,,,,35.5,,,DSM-IV,MINI,,,,,,,,,,,,,,,,,1,0.3,,,,,,,,40.2,,,,,,,,,,,,,,,,,,,,,,,12,2.9,,,,,,,,,,,,,,,,,,,,,,,,,,,,,,,,,,,,,,,,,,,,,,,,,,,9,2.3,,,,,,,13,3.2,,,,,,,,,,,13,3.2,,,,,,,,,,,,,,,,,,,,,,,,,,,,,,,,,,,,,,,,,,,,,,,,,,,,,,,,,,,,,,,,,,,,
Eilertsen 2017,14654,10.3389/fpsyg.2017.01503,The Dimensional Obsessive-Compulsive Scale: Development and Validation of a Short Form (DOCS-SF),2017,Frontiers in Psychology,Norway,Case-Control,,,Clinic patients,"The study selected and used data from a medical quality registry for the patient sample. Haukeland University Hospital, Bergen Norway",204,31,10.5,Adult,18,69,,,,,60,29.4,25.69,4.77,DSM-IV,MINI,76,37.3,,,,,,,34,16.7,,,,,,,,,,,,,,,,,,,21,10.3,,,,,,,,,,,,,,,,,,,,,,,,,,,,,,,,,,,,,,,,,,,,,,,,,,,,,,,,,,,,,,,,,,,,,,,,,,,,,,,,,,,,,,,,,,,,,,,,,,,,,,,,,,,,,,,,,,,,,,,,,,,,,,,,,,,,,,,,,,,,,,,,,,,,,,,,,,,,,,,,
Holm 2019,8785,10.1016/j.jocrd.2019.100486,Is sensory processing sensitivity related to treatment outcome in concentrated exposure and response prevention treatment for obsessive-compulsive disorder?,2019,Journal of Obsessive-Compulsive and Related Disorders,Norway,Other,,,Clinic patients,"The OCD team at Haukeland University hos- pital treated the OCD patients in the current paper. As an integrated part of the treatment, patients in the clinic are screened with ques- tionnaires for a medical quality registry (consented by the Norwegian Data Protection Official (NSD/Personvernombudet), May 5th, 2012), and data for the current paper were drawn from this registry.",104,30.31,,Adult,,,,,,,27,26.9,26,4.71,DSM-IV,MINI,,,,,29,27.9,,,,,,,,,,,1,0.9,,,,,,,,,,,24,23.07,,,7,6.7,,,12,11.5,,,,,,,,,,,,,,,1,0.9,,,,,,,,,,,,,,,,,,,,,,,,,,,,,,,,,,,,,,,,,,,,,,,,,,,,,,,3,2.8,,,,,,,,,,,,,,,,,,,,,,,,,,,,,,,,,,,,,,,1,0.96,,,,,,,,,,,,,,,,,,,,,,,,,,,,,,,,,,,,,,,,
Subramaniam 2020,9819,PMID: 32200393,Obsessive-Compulsive Disorder in Singapore: Prevalence Comorbidity Quality of Life and Social Support,2020,Annals Academy of Medicine Singapore,Singapore,Cross-Sectional,2016,2016,Community,,217,,,Adult,18,,19.4,,,,100,46.1,,,DSM-IV,CIDI,,,,,,,,,51,28.2,,,6,3.2,,,19,12.2,,,,,,,,,,,17,9.9,,,,,,,,,,,,,,,,,,,,,,,,,,,,,,,,,,,,,,,,,,,,,,,,,,,,,,,,,,,,,,,,,,,,,,,,,,,,,,,,,,,,,,,,,,,,,,,28,12.9,,,,,,,,,,,,,,,,,,,,,,,,,,,,,,,,,,,,,,,,,,,,,,,,,,,,,,,9,3.6,25,10.7,,,35,13.2,,
Lochner 2004,3497,10.1016/j.comppsych.2004.03.010,Dissociative Experiences in Obsessive-Compulsive Disorder and Trichotillomania: Clinical and Genetic Findings,2004,Comprehensive Psychiatry,South Africa,Cross-Sectional,,,Clinic patients,"Medical Research Council Unit on Anxiety Disorders from a wide range of sources (the OCD Association of South Africa, community-based primary care practitioners, and spe- cialist psychiatrists) (MRC Unit on Anxiety and Stress Disorders, Department of Psychiatry, University of Stellenbosch)",110,35.2,15.1,Adult,,,18.1,12.2,,,36,32.7,,,DSM-IV,SCID-I ,,,,,,,,,59,53.6,,,,,,,4,3.6,,,,,,,,,,,11,10,,,13,11.8,,,20,18.2,,,,,,,,,,,,,,,,,,,14,12.7,,,5,4.5,,,,,,,,,,,,,,,,,,,3,2.7,,,10,9.1,,,,,,,,,,,,,,,,,,,,,,,,,,,,,,,,,,,,,,,,,,,,,,,,,,,,,,,1,0.9,,,,,,,5,4.5,,,,,55,50,,,3,2.7,16,14.5,,,,,,,,,9,8.2,,,,,,,,,,,,,,,,,,
Lochner 2004,2569,10.1016/S0924-977X(03)00063-4,Gender in obsessive-compulsive disorder: clinical and genetic findings,2004,European Neuropsychopharmacology,South Africa,Case-Control,,,Clinic patients,"These patients were referred to our Unit from a wide range of sources (the OCD Association of South Africa, specialist psychiatrists, and community based primary care practitioners) (MRC Unit on Anxiety and Stress Disorders, Department of Psychiatry, University of Stellenbosch)",220,36.4,13.46,Adult,18,75,18.85,10.95,,,107,48.64,20.17,7.79,DSM-IV,SCID-I and II,,,,,,,,,,,,,,,,,,,,,,,,,,,,,,,,,,,,,,,,,,,,,,,33,15.94,,,,,,,,,28,12.73,,,,,,,,,,,,,,,,,,,,,,,,,,,,,,,,,,,,,,,,,,,,,,,,,,,,,,,20,9.66,3,1.45,10,4.83,7,3.38,,,,,,,,,,,,,20,9.66,,,,,,,,,,,,,,,,,,,,,,,,,,,,,,,,,,,,,,,,,,,,,,,,,,,,,,,,
Lochner 2014,16030,10.4088/JCP.14l08987,Prevalence of Olfactory Reference Syndrome in Obsessive-Compulsive Disorder and Social Anxiety Disorder,2014,Journal of Clinical Psychiatry,South Africa,Cross-Sectional,,,Clinic patients,"MRC Unit on Anxiety and Stress Disorders, Department of Psychiatry, University of Stellenbosch",106,31.8,11.2,Adult,,,,,,,47,44.3,,,DSM-IV,Other,,,,,,,,,,,,,,,,,,,,,,,,,,,,,,,,,,,,,,,,,,,,,,,,,,,,,,,,,,,,,,,,,,,,,,,,,,,,,,,,,,,,,,,,,,,,,,,,,1,0.9,,,,,,,,,,,,,,,,,,,,,,,,,,,,,,,,,,,,,,,,,,,,,,,,,,,,,,,,,,,,,,,,,,,,,,,,,,,,,,,,,,,,,,,,,,,,
Ortiz 2016,7583,10.1007/s00406-015-0642-9,Clinical significance of psychiatric comorbidity in children and adolescents with obsessive-compulsive disorder: subtyping a complex disorder,2016,European Archives of Psychiatry and Clinical Neuroscience,Spain,Cross-Sectional,,,Clinic patients,They had all been diagnosed with OCD according to DSM-IV crite- ria [52] following referral to a specialist OCD unit at the Hospital Clinic of Barcelona. Obsessive–compulsive disor- der was the main diagnosis in all cases. The sample was recruited naturalistically over the last 4 years and included patients already under treatment and new patients who entered treatment during this period.,112,14.7,2.5,Pediatric,8,18,12.1,2.7,,,57,50.9,17.5,7.9,DSM-IV,KSADS-PL,75,67,,,13,11.61,,,,,,,,,,,,,,,,,,,41,36.61,,,,,,,,,,,,,,,,,,,,,,,,,,,,,,,13,11.61,,,,,,,,,,,11,9.82,,,6,5.36,,,,,,,,,,,,,,,,,,,,,,,,,,,,,,,,,,,,,,,11,9.82,,,1,0.89,,,,,,,,,,,,,,,,,,,,,,,,,,,,,,,,,,,,,,,,,,,,,,,,,,,,,,,,,,,,,,,,,,,,,,,,
Boloc 2019,9428,10.1089/cap.2018.0073,Genetic Associations of Serotoninergic and GABAergic Genes in an Extended Collection of Early-Onset Obsessive-Compulsive Disorder Trios,2018,Journal of Child and Adolescent Psychopharmacology,Spain,Cross-Sectional,2010,2015,Clinic patients,"First, from 2010 to 2013, 75 complete trios were recruited at the De- partment of Child and Adolescent Psychiatry and Psychology of the Hospital Cl ́ınic in Barcelona. Those trios were included in a pre- vious TDT study (Mas et al. 2014). Then, from 2013 to 2015, 26 new child and adolescent OCD patients and their parents were also recruited at the same department. Thus, a total of 101 complete trios were included in the present TDT study.",101,14.6,2.4,Pediatric,,,11.9,2.9,,,50,49.5,18.8,8.1,DSM-IV,KSADS-PL,,,,,,,,,1,1,,,,,,,,,,,,,,,24,23.8,,,,,,,,,,,,,,,,,,,,,,,,,,,,,,,11,10.9,,,,,,,,,,,12,11.9,,,1,1,,,,,,,,,,,,,,,,,,,,,,,,,,,,,,,,,,,9,8.9,,,,,,,,,,,,,,,,,,,,,,,,,,,,,,,,,,,,,,,,,,,,,,,,,,,,,,,,,,,,,,,,,,,,,,,,,,,,,,,,
Sevilla-Cermeno 2019,9494,10.1016/j.sleep.2018.12.024,Insomnia in pediatric obsessive compulsive disorder: prevalence and association with multimodal treatment outcomes in a naturalistic clinical setting,2019,Sleep Medicine,Sweden,Cohort,2015,2018,Clinic patients,"All study participants were recruited from a specialist pediatric OCD and related disorders outpatient clinic in Stockholm, Sweden. The clinic receives referrals from Child and Adolescent Mental Health Services (CAMHS) and pediatric services primarily across the entire Stockholm region, and occasionally from other Swedish regions and Nordic countries. ",193,13.6,2.4,Pediatric,6,17,10.8,2.8,3,17,86,44.6,22.6,4.4,DSM-5,MINI-KID,93,48.2,,,,,,,25,13,,,,,,,1,0.5,,,,,,,14,7.3,,,,,,,,,,,,,,,,,,,,,,,,,,,,,,,12,6.2,,,,,,,38,19.7,,,45,23.3,,,,,,,,,,,,,,,,,,,,,,,,,,,,,,,,,,,,,,,,,,,,,,,,,,,,,,,,,,,,,,,,,,,,,,,,,,,,,,,,,,,,,,,,,,,,,,,,,,,,,,,,,,,,,,,,,,,,,,,,
Cervin 2020,9903,10.1007/s00787-020-01514-7,Involvement of fear incompleteness and disgust during symptoms of pediatric obsessive-compulsive disorder,2020,European child and adolescent psychiatry,Sweden,Cross-Sectional,2016,2018,Clinic patients,Participants were 179 youth (aged 7–17 years) consecu- tively referred for either OCD or anxiety to a specialized child and adolescent mental health clinic in Lund (Southern Sweden) between January 2016 and December 2018.,120,13.35,2.78,Pediatric,7,17,8.39,2.88,,,45,37.5,23.19,4.37,DSM-5,MINI-KID,,,,,,,,,,,10,8.3,,,,,,,,,,,,,,,59,49.2,,,32,26.7,,,11,9.2,,,,,,,,,,,,,,,,,,,,,33,27.5,,,,,,,8,6.7,,,20,16.7,,,,,,,,,,,,,,,,,,,,,,,,,,,,,,,,,,,,,,,,,,,,,,,,,,,,,,,,,,,,,,,,,,,,,,,,,,,,,,,,,,,,,,,,,,,,,,,,,,,,,,,,,,,,,,,,,,,,,,,,
Tukel 2002,2517,10.1053/comp.2002.32355,Comorbid Conditions in Obsessive-Compulsive Disorder,2002,Comprehensive Psychiatry,Turkey,Cross-Sectional,,,Clinic patients,A total of 147 patients in the age range of 16 to 58 years who applied to the outpatient clinic in the Department of Psychiatry at the Istanbul University Istanbul Faculty of Medicine,147,28.5,9.8,Adult,16,58,20.2,8.4,,,64,43.5,25.2,7.5,DSM-III-R,SCID,,,,,,,,,58,39.5,,,,,,,5,3.4,,,,,,,,,,,,,,,,,,,,,,,,,,,,,,,,,,,,,,,,,,,,,,,,,,,,,,,,,,,,,,,,,,,,,,,,,,,,,,,,,,,,,,,,,,,,,,,,,,,,,,,,,,,,,,,,,,,,,,,,,,,,,,,,,,,,,,,,,,,,,,,,,,,,,,,,,,,,,,,,,,,,,,,,,,,,
Tukel 2004,3500,10.1016/j.comppsych.2004.06.006,Gender-Related Differences Among Turkish Patients With Obsessive-Compulsive Disorder,2004,Comprehensive Psychiatry,Turkey,Cross-Sectional,1998,2001,Clinic patients,Subjects for this study were recruited from outpatients con- secutively admitted to the Anxiety Disorders Outpatient Clinic of the Psychiatry Department of Istanbul Faculty of Medicine between September 1998 and May 2001,169,28.7,10.1,Adult,16,60,20.2,8.2,,,73,43.2,25.3,7.4,DSM-III-R,SCID,130,76.9,111,65.7,,,,,,,65,38.5,31,18.34,,,,,,,,,,,,,,,19,11.24,,,26,15.38,,,15,8.87,,,6,3.55,,,27,15.98,,,2,1.18,,,6,3.55,,,,,,,,,,,,,,,,,,,,,,,,,,,,,,,,,,,,,,,,,,,,,,,12,7.1,,,,,,,,,,,,,,,1,0.59,,,,,,,2,1.18,,,,,,,,,,,,,,,,,,,,,,,,,,,,,,,,,,,,,,,,,,,,,,,,,,,,,,,,,,,,,,,,
Tukel 2005,2645,10.1002/da.20065,Influence of age of onset on clinical features in obsessive-compulsive disorder.,2005,Depression and Anxiety,Turkey,Cross-Sectional,2001,2003,Clinic patients,One hundred sixteen outpatients who applied to Anxiety Disorders Outpatient Clinic of the Psychiatry Department of Istanbul Faculty of Medicine between March 2001 and September 2003,116,29.6,10.9,Adult,17,58,20.3,9.1,,,48,41.37,,,DSM-IV,SCID-I,,,,,,,,,49,42.24,44,37.9,14,12,,,9,7.7,,,,,,,,,,,14,12,,,13,11.2,,,8,6.8,,,,,,,13,11.21,,,,,,,,,,,,,,,,,,,,,,,,,,,,,,,,,,,,,,,,,,,,,,,,,,,,,,,,,,,,,,,,,,,,,,,,,,,,,,,,,,,,,,,,,,,,,,,,,,,,,,,,,,,,,,,,,,,,,,,,,,,,,,,,,,,,,,,,,,,,,,,,
Sahmelikoglu Onur 2016,8163,10.1080/13651501.2016.1220580,Relationship between impulsivity and obsession types in obsessive-compulsive disorder,2016,International journal of psychiatry in clinical practice,Turkey,Case-Control,,,Clinic patients,"A total of 146 consecutive subjects, aged 18–65 years, recently diagnosed and/or have been followed up with a diagnosis of OCD were recruited from Bakirkoy Training and Research Hospital Outpatient Clinic.",146,37.85,10.97,Adult,18,65,21.64,8.41,,,111,76,,,DSM-IV,SCID-I,141,96.57,,,,,,,70,47.94,,,14,9.59,,,11,7.53,,,,,,,,,,,15,10.27,,,27,18.49,,,33,22.6,,,,,,,78,53.42,,,18,12.33,,,,,,,,,,,,,,,,,,,,,,,,,,,,,,,,,,,,,,,,,,,,,,,,,,,,,,,,,,,,,,,,,,,2,1.37,,,,,,,18,12.33,,,,,,,,,,,,,,,,,,,,,,,5,3.42,,,,,,,,,,,,,,,,,,,,,,,,,,,,,,,,,,,,,,,,
Castle 1995,1100,10.3109/00048679509075899,Gender differences in obsessive compulsive disorder,1995,Australian and New Zealand Journal of Psychiatry,UK,Cross-Sectional,1977,1989,Clinic patients,"The study was based at the Psychological Treatment Unit (PTU), Maudsley Hospital, London, an out- patient unit which specialises in the behavioural treat- ment of anxiety disorders. ",219,33.8,,Adult,,,24.3,,,,93,42,,,DSM-III-R,Other,,,,,,,,,50,22.8,,,,,,,,,,,,,,,,,,,,,,,,,,,,,,,,,,,,,,,,,,,,,,,,,,,,,,,,,,,,,,,,,,,,,,,,,,,,,,,,,,,,,,,,,,,,,,,,,,,9,4.1,,,,,,,,,,,,,,,,,,,,,,,,,,,,,,,,,,,,,,,,,,,,,,,,,,,,,,,,,,,,,,,,,,,,,,,,,,,,,,,,
Torres 2006,13011,10.1007/s00127-006-0118-3,Obsessive-compulsive disorder and personality disorder: Evidence from the British National Survey of Psychiatric Morbidity 2000,2006,Social Psychiatry and Psychiatric Epidemiology,UK,Cross-Sectional,2000,2000,Community,"The survey covered people aged 16–74 years living in private households in England, Wales and Scotland.",114,,,Adult,16,74,,,,,40,35.09,,,DSM-IV,SCID,,,,,,,,,,,,,,,,,,,,,,,,,,,,,36,31.4,,,20,17.3,,,,,,,,,,,17,15.1,,,,,,,,,,,,,,,,,,,,,,,,,,,,,,,,,,,,,,,,,,,,,,,,,,,,,,,,,,,,,,,,,,,,,,,,,,,,,,,,,,,,,,,,,,,,,,,,,,,,,,,,,,,,,,,,,,,,,,,,,,,,,,,,,,,,,,,,,,,,,,,,
Gordon 2013,6114,10.1111/bjc.12016,The association between obsessive compulsive disorder and obsessive compulsive personality disorder: Prevalence and clinical presentation,2013,British Journal of Clinical Psychology,UK,Cross-Sectional,,,Clinic patients,"The data for this study were extracted from case-notes and databases set up for audit purposes within a specialist treatment and research centre for adults with anxiety disorders. Centre for Anxiety Disorders and Trauma, South London and Maudsley NHS Trust, London, UK",189,37.4,12.5,Adult,,,16.6,11.4,,,88,46.6,,,DSM-IV,SCID-I and II,,,,,,,,,,,13,6.9,,,,,,,0,0,,,,,,,,,,,8,4.2,,,17,9.1,,,,,,,,,,,17,9.1,,,1,0.5,,,2,1,,,,,,,,,,,,,,,,,,,,,,,,,,,,,,,,,,,,,,,,,,,,,,,,,,,,,,,,,,,0,0,,,1,0.5,,,,,,,,,,,,,,,,,,,,,,,,,,,,,,,0,0,,,,,85,45,10,5.3,,,34,17.9,2,1,6,3.2,17,8.9,18,9.5,42,22.2,,,,,,,,,,,,,,,,
Ricciardi 1995,1089,10.1016/0887-6185(95)00006-A,Depressed mood is related to obsessions but not to compulsions in obsessive-compulsive disorder,1995,Journal of Anxiety Disorders,United States,Cross-Sectional,1989,1991,Clinic patients,From our research files we randomly selected 150 patients who had been evaluated at the Massachusetts General Hospital OCD Clinic and Research Unit between 1989 and 1991.,150,35.8,12.3,Adult,18,84,18.5,11.4,,,68,45.33,21.6,7.1,DSM-III-R,SCID,,,,,86,57.33,,,59,39.33,31,21,19,12.67,18,15,,,,,,,,,,,,,,,,,,,,,,,,,,,,,,,,,,,,,,,,,,,,,,,,,,,,,,,,,,,,,,,,,,,,,,,,,,,,,,,,,,,,,,,,,,,,,,,,,,,,,,,,,,,,,,,,,,,,,,,,,,,,,,,,,,,,,,,,,,,,,,,,,,,,,,,,,,,,,,,,,,,,,,,,,,,,,,
Geller 2000,2054,PMID:Â 10945136,Clinical correlates of obsessive compulsive disorder in children and adolescents referred to specialized and non-specialized clinical settings,2000,Depression and Anxiety,United States,,,,Clinic patients,"Subjects were all consecutively referred children and adolescents meeting DSM-III-R and DSM IV di- agnostic criteria for OCD referred within the same academic medical center to either a specialized pediat- ric OCD clinic (Specialty OCD clinic) or to a pediat- ric psychopharmacology clinic (Non-Specialty clinic). (Joint Pediatric Psychopharmacology Program, Massachu- setts General and McLean Hospitals and the Department of Psychiatry, Harvard Medical School, Boston, Massachusetts)",187,11.9,3.4,Pediatric,,,7.4,3.8,,,130,69.5,,,Other: DSM-III-R and DSM IV,K-SADS-PL,,,,,,,,,125,66.8,,,20,10.7,,,43,22.9,,,,,,,,,,,80,42.8,,,37,19.8,,,34,18.2,,,56,29.9,,,54,28.9,,,,,,,,,,,,,,,34,18.2,,,,,,,99,52.9,,,91,48.7,,,,,,,,,,,,,,,,,,,,,,,,,,,27,14.4,,,,,,,,,,,1,0.5,,,,,,,,,,,,,,,,,,,,,,,,,,,,,,,,,,,,,,,,,,,,,,,,,,,,,,,,,,,,,,,,,,,,,,,,,,,,
Geller 2001,1555,10.1097/00005053-200107000-00009,Developmental Aspects of Obsessive Compulsive Disorder: Findings in Children Adolescents and Adults,2001,The Journal of Nervous and Mental Disease,United States,Case-Control,1995,,Clinic patients,"Joint Program in Pediatric Psychopharmacology, Massachu- setts General Hospital and McLean Hospital, Belmont, Massa- chusetts. We recruited consecutive referrals since 1995 to a pediatric OCD clinic under the direction of the lead author (DG).",101,,,Pediatric,,,8.18,3.52,,,66,65.35,23,6.5,DSM-IV,K-SADS-E,,,,,,,,,52,51.5,,,,,,,,,,,,,,,,,,,,,,,14,13.9,,,21,20.8,,,,,,,28,27.7,,,,,,,,,,,,,,,16,15.8,,,,,,,43,42.6,,,49,48.5,,,,,,,,,,,,,,,,,,,,,,,,,,,11,10.9,,,,,,,,,,,,,,,,,,,,,,,1,0.99,,,,,,,,,,,,,,,,,,,,,,,,,,,,,,,,,,,,,,,,,,,,,,,,,,,,,,,,,,,,,,,,
Yovel 2012,5864,10.1007/s10608-011-9427-2,Idiosyncratic Severity Profiles of Obsessive Compulsive Dysfunction: A Detailed Self Report Assessment of a Multifaceted Syndrome,2012,Cognitive Therapy and Research,United States,Cross-Sectional,,,Clinic patients,Massa- chusetts General Hospital and McLean Hospital OCD treatment programs. ,127,31.9,10.9,Adult,,,,,,,63,49.6,,,DSM-IV,SCID,76,59.8,,,,,,,40,31,,,,,,,4,3,,,,,,,,,,,,,,,11,9,,,6,4.72,,,1,0.07,,,,,,,,,,,,,,,,,,,1,0.07,,,,,,,,,,,,,,,,,,,5,4,,,,,,,,,,,,,,,,,,,,,,,,,,,,,,,,,,,,,,,,,,,,,,,,,,,,,,,,,,,,,,,,,,,18,14,,,,,,,,,,,,,,,,,,,,,,,,,,,,,,,,,,,,,,,,
Garner 2018,8940,10.1002/jclp.22554,Validation of the distress tolerance scale-short form in obsessive compulsive disorder,2018,Journal of Clinical Psychology,United States,Cross-Sectional,,,Clinic patients,"McLean Hospital, HMS, USA",222,31,13.29,Adult,,,13,7.12,,,126,57,,,DSM-IV,SCID-I,186,84,,,,,,,98,44,,,,,,,,,,,,,,,,,,,13,6,,,18,8,,,,,,,,,,,,,,,,,,,,,,,,,,,,,,,,,,,,,,,,,,,,,,,,,,,,,,,,,,,,,,,,,,,,,,,,,,,,,,,,,,,,,,,,,,,,,,,,,,,,,,,,,,,,,,,,,,,,,,,,,,,,,,,,,,,,,,,,,,,,,,,,,,,,,,,,,,,,
Reid 2017,8016,10.1002/da.22672,How willing are you? Willingness as a predictor of change during treatment of adults with obsessive-compulsive disorder,2017,Depression and Anxiety,United States,Cross-Sectional,,,Clinic patients,"McLean Hospital, HMS, USA",288,31,13,Adult,,,16.31,18.08,,,,56,25.42,5.98,DSM-IV-TR,SCID-IV,,,,,,,,,181,63,,,,,,,,,,,,,,,,,,,37,13,,,63,22,,,,,,,,,,,,,,,,,,,,,,,,,,,,,,,,,,,,,,,,,,,,,,,,,,,,,,,,,,,,,,,,,,,,,,,,,,,,,,,,,,,,,,,,,,,,,,,,,,,,,,,,,,,,,,,,,,,,,,,,,,,,,,,,,,,,,,,,,,,,,,,,,,,,,,,,,,,,
Falkenstein 2019,9416,10.1016/j.jad.2018.11.075,Empirically-derived response trajectories of intensive residential treatment in obsessive-compulsive disorder: A growth mixture modeling approach,2019,Journal of Affective Disorders,United States,Cross-Sectional,2014,2016,Clinic patients,"McLean Hospital, HMS, USA",305,30.17,12.9,Adult,,,12.99,7.3,,,166,54.4,25.3,5.8,DSM-IV,SCID-I and II,260,85.2,,,,,,,,44,,,,,,,,,,,,,,,,,,,24,8,,,27,9,,,,,,,,,,,,,,,,,,,,,,,,,,,,,,,,,,,,,,,,,,,,,,,,,,,,,,,,,,,,,,,,,,,,,,,,,,,,,,,,,,,,,,,,,,,,,,,,,,,,,,,,,,,,,,,,,,,,,,,87,28.5,,,,,,,,,,,,,,,,,,,,,,,,,,,,,,,,,,,,
Nota 2020,9625,10.1016/j.beth.2019.12.006,Delayed Bedtimes Are Associated With More Severe Obsessive-Compulsive Symptoms in Intensive Residential Treatment,2020,Behavior Therapy,United States,Cross-Sectional,2016,2018,Clinic patients,"McLean Hospital, HMS, USA",173,28.98,11.1,Adult,,,13.24,8.1,,,,,14.7,6.4,DSM-5,SCID-5,,,,,112,58.9,,,,,,,,,,,,,,,,,,,,,,,29,15.3,,,39,20.5,,,,,,,,,,,,,,,,,,,,,,,,,,,,,,,,,,,27,14.2,,,,,,,48,25.3,,,,,,,,,,,,,,,,,,,,,,,,,,,,,,,,,,,,,,,,,,,,,,,,,,,,,,,,,,,,,,,,,,,,,,,16,8.4,,,,,,,,,,,,,,,,,,,,,,,,,,,,,,,,,,,,,,,,
Klein 2020,9748,10.1016/j.jocrd.2020.100556,A network analysis of symptoms of obsessive compulsive disorder and depression in a clinical sample,2020,Journal of Obsessive-Compulsive and Related Disorders,United States,Cross-Sectional,2015,2017,Clinic patients,South Illinois University Carbondale/ McLean hospital,290,34.47,12.24,Adult,,,,,,,153,52.76,,,DSM-IV,MINI,,,,,,,,,55,19,,,32,11,,,8,2.8,,,,,,,,,,,45,15.5,,,20,6.9,,,18,6.2,,,9,3.1,,,,,,,,,,,,,,,,,,,,,,,,,,,,,,,,,,,,,,,,,,,,,,,,,,,,,,,,,,,,,,,,,,,,,,,,,,,,,,,21,7.2,,,,,,,,,,,,,,,,,,,,,,,,,,,8,2.8,,,,,,,,,,,,,,,,,,,,,,,,,,,,,,,,,,,,,,,,
Kwee 2019,9504,10.1016/j.jocrd.2018.11.003,Anxiety sensitivity does not predict treatment outcome or treatment length in obsessive-compulsive disorder and related anxiety disorders,2019,Journal of Obsessive-Compulsive and Related Disorders,Netherlands,Cross-Sectional,2007,2016,Clinic patients,Outpatient anxiety clinic Altrecht Academic Anxiety Centre,110,,,Adult,,,,,,,,,21.5,8.06,DSM-IV,SCID-I,,,,,51,46,,,,,,,,,,,,,,,,,,,46,42,,,,,,,,,,,,,,,,,,,,,,,,,,,7,6,,,,,,,,,,,,,,,,,,,,,,,,,,,,,,,,,,,,,,,,,,,,,,,,,,,,,,,,,,,,,,,,,,,,,,,,,,,,,,,,,,,,,,,,,,,,,,,6,5,,,,,,,,,,,,,,,,,,,,,,,,,,,,,,,,,,,,,,,,
Deacon 2005,3176,10.1016/j.janxdis.2004.04.009,The Yale-Brown Obsessive Compulsive Scale: factor analysis construct validity and suggestions for refinement,2005,Journal of Anxiety Disorders,United States,Cross-Sectional,,,Clinic patients,Mayo Clinic,100,35.8,12.2,Adult,,,16.7,9.8,,,51,51,24,5.4,DSM-IV,MINI,,,,,,,,,31,31,,,,,,,,,,,,,,,22,22,,,,,,,,,,,,,,,,,,,,,,,,,,,,,,,,,,,,,,,,,,,,,,,,,,,,,,,,,,,,,,,,,,,,,,,,,,,,,,,,,,,,,,,,,,,,,,,,,,,,,,,,,,,,,,,,,,,,,,,,,,,,,,,,,,,,,,,,,,,,,,,,,,,,,,,,,,,,,,,,,,,,
Kugler 2013,6071,10.1016/j.psychres.2012.10.006,Quality of life in obsessive-compulsive disorder: The role of mediating variables,2013,Psychiatry Research,United States,Cross-Sectional,,,Clinic patients,Participants were referred to a university based specialty clinic for cognitive-behavioral treatment. University of South Florida,102,29.4,10.9,Adult,18,79,,,,,53,52,,,DSM-IV-TR,ADIS-IV,74,73,,,,,,,37,36.3,,,,,,,,,,,,,,,,,,,39,38.2,,,32,31.4,,,,,,,,,,,,,,,,,,,,,,,,,,,,,,,,,,,,,,,,,,,,,,,,,,,,,,,,,,,,,,,,,,,,,,,,,,,,,,,,,,,,,,,,,,,,,,,,,,,,,,,,,,,,,,,,,,,,,,,,,,,,,,,,,,,,,,,,,,,,,,,,,,,,,,,,,,,,
Mancebo 2009,4774,10.1016/j.janxdis.2008.08.008,Substance Use Disorders in an Obsessive Compulsive Disorder Clinical Sample,2009,Journal of Anxiety Disorders,United States,Cross-Sectional,2001,2005,Clinic patients,BLOCS,323,40.1,12.8,Adult,19,75,18.5,9.79,,,147,45,20.56,8.41,DSM-IV,SCID-I and II,,,,,240,74.3,,,216,66.87,,,,,,,,,,,,,,,182,56.35,,,,,,,,,,,,,,,,,,,,,,,28,8.67,,,,,,,49,15.17,,,,,,,,,,,34,10.53,,,,,,,,,,,23,7.12,,,,,,,,,,,,,,,,,,,,,,,,,,,,,,,,,,,,,,,87,26.9,17,5.3,77,23.8,13,4,,,,,,,,,,,,,,,,,,,,,,,,,129,39.94,84,26.01,,,,,21,6.5,,,,,,,,,49,15.17,,,,,,,,,,,,,,,,,,
Pardue 2014,6453,10.1016/j.jocrd.2014.05.001,Differential Parental Influence in the Familial Aggregation of Obsessive Compulsive Disorder,2014,Journal of Obsessive Compulsive and Related Disorders,United States,Cohort,,,Clinic patients,BLOCS,310,40.42,12.86,Adult,19,,18.58,9.9,,,,45.5,,,DSM-IV,SCID-I,,,,,,,,,,,,,,,,,,,,,,,,,,,,,,,,,,,,,,,,,,,,,,,,,,,,,,,,,,,,,,,,,,,,,,,,,,,,,,,,,,,,,,,,,,,,,,,,,,,,,9,2.9,,,,,,,29,9.4,,,,,,,,,,,,,,,,,,,,,,,,,,,,,,,,,,,,,,,,,,,,,,,,,,,,,,,,,,,,,,,,,,,,,,,,,,,,,,,,
Sibrava 2016,7464,10.1016/j.janxdis.2016.05.005,An Empirical Investigation of Incompleteness in a Large Clinical Sample of Obsessive Compulsive Disorder,2016,Journal of Anxiety Disorders,United States,Cross-Sectional,,,Clinic patients,BLOCS,307,40.22,12.88,Adult,,,18.55,10.77,,,139,45.28,20.05,8.5,DSM-IV,SCID-I and II,,,,,,,,,,,,,,,,,,,,,,,,,,,,,,,,,,,,,,,,,,,,,,,,,,,,,,,,,,,,,14,4.6,,,,,,,,,,,,,,,,,,,,,,,,,,,,,,,,,,,,,,,,,,,,,,,,,,,,,,,,,,,,,,,,,,,,,,,,,,,,,,,,,,,,,,,,,,,,,,,,,,,,,,,,,,,,,,,,,,,,,,,,,,,,,,,,
Pinto 2006,3613,PMID: 16841619,The Brown Longitudinal Obsessive Compulsive Study: Clinical features and symptoms of the sample at intake,2006,Journal of Clinical Psychiatry,United States,Cohort,2001,2004,Clinic patients,BLOCS,293,40.49,12.9,Adult,,,18.49,9.9,,,,45,20.26,8.4,DSM-IV,SCID-I and II,,,,,,,48,16.4,,,44,15,23,7.8,0,0,8,2.7,2,0.7,,,,,,,111,38,22,7.5,22,7.5,81,27.6,55,18.8,54,18.4,21,7.2,4,1.4,4,1.4,53,18.1,43,14.7,,,,,4,1.4,3,1,,,16,5.5,,,,,,,,,,,8,2.7,,,,,,,,,,,15,5.1,,,,,,,,,,,,,,,,,,,6,2,,,,,,,5,1.7,9,3.1,0,0,9,3.1,3,1,,,,,,,,,,,,,,,,,,,,,,,,,,,,,,,,,,,,,2,0.7,3,1,,,2,0.7,3,1,0,0,3,1,,,,,,,,,,,,,,,,,,,,
Grant 2006,2948,10.1016/j.comppsych.2006.01.007,Sexual obsessions and clinical correlates in adults with obsessive-compulsive disorder,2006,Comprehensive Psychiatry,United States,Cross-Sectional,,,Clinic patients,BLOCS,293,40.5,12.9,Adult,19,75,18.5,9.9,,,133,45.4,20.28,8.4,DSM-IV,SCID-I,,,,,,,,,,,,,,,,,,,,,,,,,,,,,,,,,,,,,,,,,,,,,,,,,,,,,,,,,,,,,,,,,,,,,,,,,,,,,,,,,,,,,,,,,,,,,,,,,,,,,,,,,,,,,,,,,,,,,,,,,,,,,,,,,,,,,,,,,,,,,,,,,,,,,,,,,,,,,,,,,,,,,,,,,,,,,,,,,,,,,,,,,,,,,,
Grant 2006,2817,10.1016/j.jpsychires.2005.11.005,Impulse control disorders in adults with obsessive compulsive disorder,2006,Journal of Psychiatric Research,United States,Cohort,,,Clinic patients,BLOCS,293,40.6,12.9,Adult,19,75,18.5,9.9,,,133,45.39,20.26,8.43,DSM-IV,SCID-I and II,,,,,,,,,,,,,,,,,,,,,,,,,,,,,,,,,,,,,,,,,,,,,,,,,,,,,,,,,,,,,,,,,,,,,,,,,,,,,,,,,,,,,4,1.4,3,1,,,,,26,8.9,23,7.8,,,,,,,,,,,,,,,,,,,,,,,,,,,,,,,,,,,,,,,,,,,,,3,1,1,0.3,,,,,,,,,,,,,,,,,,,,,,,,,,,,,,,,,,,,,,,,,,,,,,
Pinto 2007,3471,10.1016/j.psychres.2006.09.005,Taboo thoughts and doubt/checking: a refinement of the factor structure for obsessive-compulsive disorder symptoms,2007,Psychiatry Research,United States,Cross-Sectional,,,Clinic patients,BLOCS,293,40.5,12.9,Adult,,,,,,,,45,20.3,8.4,DSM-IV,SCID-I and II,,,123,42,,,,,,,,,,,,,,,,,,,,,,,,,,,,,,,,,,,,,,,,,,,,,,,,,,,,,,,,,,,,,,,,,,,,,,,,,,,,,,,,,,,,,,,,,,,,,,,,,,,,,,,,,,,,,,,,,,,,,,,,,,,,,,,,,,,,,,,,,,,,,,,,,,,,,,,,,,,,,,,,,,,,,,,,,,,,,,,,,,,,,,,,,,
Ojserkis 2017,8049,10.1016/j.psychres.2017.09.042.,The Impact of Lifetime PTSD on the Seven-Year Course and Clinical Characteristics of OCD,2017,Psychiatry Research,United States,Cohort,,,Clinic patients,BLOCS,266,39.16,12.5,Adult,19,,16.76,8.19,,,117,43.98,23.57,5.78,DSM-IV,SCID-I,,,,,,,,,,,,,,,,,,,,,,,,,,,,,,,,,,,,,,,,,,,,,,,,,,,,,,,,,,,,,,,,,,,,,,,,,,,,,,,,,,,,,,,,,,,,,,,,,,,,,,,,,,,,,,,,,,,,,,,,,,,,,,,,,,,,,,,,,,,,,,,,,,,,,21,7.9,,,,,,,,,,,,,,,,,,,,,,,,,,,,,,,,,,,,,,,,
Coles 2008,3849,10.1016/j.jpsychires.2006.12.009,OCD with comorbid OCPD: A subtype of OCD?,2008,Journal of Psychiatric Research,United States,Cohort,,,Clinic patients,BLOCS,238,39.63,12.54,Adult,19,,18.02,9.54,,,104,43.7,23.22,5.84,DSM-IV,SCID-I and II,,,,,,,,,,,,,,,,,,,,,,,,,,,,,,,,,,,,,,,,,,,,,,,,,,,,,,,,,,,,,,,,,,,,,,,,,,,,,,,,,,,,,,,,,,,,,,,,,,,,,,,,,,,,,,,,,,,,,,,,,,,,,,,,,,,,,,,,,,,,,,,,,,,,,,,,,,,,,,,,,,,,,,,,,,,,,,,,,,,,,,,,,,,,,,
Mancebo 2008,3806,10.1016/j.comppsych.2007.05.016,Correlates of Occupational Disability in a Clinical Sample of Obsessive Compulsive Disorder,2008,Comprehensive Psychiatry,United States,Cohort,2001,2004,Clinic patients,BLOCS,238,41.1,12.8,Adult,19,75,17.998,9.56,,,104,43.7,23.28,5.83,DSM-IV,SCID-I and II,214,89.879,,,,,,,,,,,,,,,,,,,,,,,,,,,,,,,,,,,,,,,,,,,,,,,,,,,,,,,,,,,,,,,,,,,,,,,,,,,,,,,,,,,,,,,,,,,,,,,,,,,,,,,,,,,,,,,,,,,,,,,,,,,,,,,,,,,,,,,,,,,,,,,,,,,,,,,,,,,,,,,,,,,,,,,,,,,,,8,3.4,19,8,89,37.45,,,,,,,,,,
Eisen 2010,5289,10.4088/JCP.08m04806blu,A 2-Year Prospective Follow-Up Study of the Course of Obsessive-Compulsive Disorder,2010,Journal of Clinical Psychiatry,United States,Cohort,2001,2004,Clinic patients,BLOCS,214,40.2,12.5,Adult,,,18.3,10,,,,45,23.1,5.8,DSM-IV,SCID-I,,,,,,,,,,,,,,,,,,,,,,,,,,,,,,,,,,,,,,,,,,,,,,,,,,,15,7,,,,,,,,,,,,,,,,,,,,,,,,,,,,,,,,,,,,,,,,,,,,,,,,,,,,,,,,,,,,,,,,,,,,,,,,,,,,,,,,,,,,,,,,,,,,,,,,,,,,,,,,,,,,,,,,,,,,,,,,,,,,,,,,,,,,,,,,,,
Mancebo 2011,5693,10.1016/j.beth.2010.10.002,Patient Utilization of Cognitive-Behavioral Therapy for OCD,2011,Behavior Therapy,United States,Cohort,2001,2004,Clinic patients,BLOCS,202,39.7,12.5,Adult,,,,,,,87,43,11.8,8.9,DSM-IV,SCID-I and II,,,,,,,,,,,,,,,,,,,,,,,,,,,,,,,,,,,,,,,,,,,,,,,,,,,,,,,,,,,,,,,,,,,,,,,,,,,,,,,,,,,,,,,,,,,,,,,,,,,,,,,,,,,,,,,,,,,,,,,,,,,,,,,,,,,,,,,,,,,,,,,,,,,,,,,,,,,,,,,,,,,,,,,,,,,,,,,,,,,,,,,,,,,,,,
Langley 2010,5276,10.1007/s00787-010-0101-0,Correlates of comorbid anxiety and externalizing disorders in childhood obsessive compulsive disorder,2010,European Child and Adolescent Psychiatry,United States,Cross-Sectional,,,Clinic patients,"Participants included a consecutive series of 215 children (57% male) and their primary parent who were sequentially evaluated following referral to a university-based mental health clinic specializing in the diagnosis and treatment of childhood OCD. Division of Child and Adolescent Psychiatry, UCLA Semel Institute for Neuroscience and Human Behavior",209,11.8,3,Pediatric,5,17,,,,,,57,,,DSM-IV,ADIS-IV & K-SADS-PL,,,,,,,,,,,,,,,,,,,,,,,,,,,,,,,,,,,,,1,0.5,,,,,,,8,3.8,,,,,,,,,,,,,,,,,,,,,,,,,,,,,,,,,,,,,,,,,,,,,,,,,,,,,,,,,,,,,,,,,,,,,,,,,,,,,,,,,,,,,,,,,,,,,,,,,,,,,,,1,0.5,,,,,,,,,,,,,,,,,,,,,,,,,,,,,,,,,,,,,,,,
Rozenman 2017,7948,10.1007/s10578-016-0653-4,Distinguishing Fear Versus Distress Symptomatology in Pediatric OCD,2017,Child Psychiatry and Human Development,United States,Cross-Sectional,,,Clinic patients,"Participating youth included 215 children and adolescents with a primary DSM-IV diagnosis of OCD seeking services at a university-based research clinic specializing in the treatment of OCD and anxiety-related disorders. (Division of Child and Adolescent Psychiatry, UCLA Semel Institute for Neuroscience and Human Behavior)",215,12.25,2.75,Pediatric,7,17,,,,,,57,24.89,4.33,DSM-IV,ADIS-IV,,,,,,,,,,,,,,,,,,,,,,,,,108,50,,,69,32,,,34,16,,,,,,,,,,,,,,,,,,,,,,,,,,,,,,,,,,,,,,,,,,,,,,,,,,,,,,,,,,,,,,,,,,,,,,,,,,,,,,,,,,,,,,,,,,,,,,,,,,,,,,,,,,,,,,,,,,,,,,,,,,,,,,,,,,,,,,,,,,,,,,,,,,,,,,,,,,,,
Rozenman 2019,8744,10.1016/j.jaac.2019.01.017,Hoarding Symptoms in Children and Adolescents With Obsessive-Compulsive Disorder: Clinical Features and Response to Cognitive-Behavioral Therapy,2019,Journal of the American Academy of Child & Adolescent Psychiatry,United States,Cross-Sectional,,,Clinic patients,"Participating youths included 215 children and adolescents presenting for diagnostic assessment at a university-based research clinic specializing in the treatment of OCD and anxiety disorders. (UCLA Semel Institute for Neuroscience & Human Behavior, Los Angeles, CA)",215,12.25,2.75,Pediatric,7,17,,,,,,57,24.89,4.33,DSM-IV,ADIS-IV,,,,,19,9,,,,,,,,,,,,,,,,,,,,,,,,,,,,,,,,,,,,,,,,,,,,,,,,,,,19,9,,,,,,,,,,,26,12,,,11,5,,,,,,,,,,,,,,,,,,,,,,,,,,,,,,,,,,,,,,,,,,,,,,,,,,,,,,,,,,,,,,,,,,,,,,,,,,,,,,,,,,,,,,,,,,,,,,,,,,,,,,,,,,,,,,,,,,,,
Peris 2017,7994,10.1016/j.jpsychires.2017.05.002,Developmental and clinical predictors of comorbidity for youth with obsessive compulsive disorder,2017,Journal of Psychiatric Research,United States,Cross-Sectional,1995,2015,Clinic patients,"UCLA Semel Institute for Neuroscience and Human Behavior, USA ",322,12.28,2.75,Pediatric,7,17,,,,,,53,25.17,4.81,DSM-III R,ADIS-IV,,,,,,,,,23,7,,,6,2,,,,,,,,,,,161,50,,,103,32,,,48,15,,,2,1,,,,,,,29,9,,,,,,,,,,,35,11,,,,,,,10,3,,,42,13,,,,6,,,,,,,,,,,,,,,,,,,,,,,,,,,,,,,,,,,,,,,,,,,,,,,,,,,,,,,,,,,,,,,,,,,,,,,,,,,,,,,,,,,,,,,,,,,,,,,,,,,,,,,,,,,,,,,,,,,,
Piacentini 2003,2302,10.1089/104454603322126359,Functional Impairment in Children and Adolescents with Obsessive-Compulsive Disorder,2003,Journal of Child and Adolescent Psychopharmacology,United States,Cross-Sectional,,,Clinic patients,"These individuals were drawn from a con- secutive series of referrals to a university-based clinic specializing in the evaluation and treat- ment of childhood anxiety disorders. Division of Child and Adolescent Psychiatry, University of California, Los Angeles, School of Medicine, Los Angeles, California. UCLA",151,11.8,3,Pediatric,5,17,7.9,3.6,,,,57,,,DSM-IV,ADIS-IV & K-SADS-PL,103,68.2,,,,,,,19,12.6,,,,,,,,,,,,,,,58,38.4,,,,,,,,,,,,,,,,,,,,,,,,,,,,,,,19,12.6,,,,,,,,,,,,,,,,,,,,,,,,,,,,,,,,,,,,,,,,,,,,,,,,,,,,,,,,,,,,,,,,,,,,,,,,,,,,,,,,,,,,,,,,,,,,,,,,,,,,,,,,,,,,,,,,,,,,,,,,,,,,,,,,,,,,
Leckman 1994,992,PMID: 9160576,Tic-related vs. non-tic-related obsessive-compulsive disorder,1994,Anxiety,United States,Cross-Sectional,,,Clinic patients,Patients were recruited from the active case rosters of the OCD Clinic at the Clinical Neuroscience Unit of the Abraham Ribicoff Research Facilities at the Connecti- cut Mental Health Center at Yale University and the OCD Clinic at Butler Hospital associated with Brown University. ,177,39.08,11.52,Adult,16,72,15.09,9.78,,,67,37.85,17.46,8.77,DSM-III-R,Other,,,,,,,,,,,,,,,,,,,,,,,,,,,,,,,,,,,,,,,,,,,,,,,,,,,,,,,,,56,31.63,,,,,,,,,,,,,,,,,,,,,,,,,,,,,,,,,,,,,,,,,,,,,,,,,,,,,,,,,,,,,,,,,,,,,,,,,,,,,,,,,,,,,,,,,,,,,,,,,,,,,,,,,,,,,,,,,,,,,,,,,,,,,,,,,,,,
Karno 1988,10301,10.1001/archpsyc.1988.01800360042006,The Epidemiology of Obsessive-Compulsive Disorder in Five US Communities,1988,Archives of General Psychiatry,United States,Cross-Sectional,1980,1984,Community,"Overviews öf the methods of the ECA study were given by Regier et al15 and Eaton and Kessler.16 The data reported here were obtained from wave 1, household face-to-face interviews with 18 572 residents of federal mental health catchment areas in New Haven, Conn; Baltimore; St Louis; the Piedmont area of North Carolina; and Los Angeles.",468,,,Adult,18,,22.7,,,,,,,,DSM-III,DIS,,,,,,,,,133,31.7,,,,,,,,,,,,,,,,,,,,,,,,,,,57,13.8,,,,,,,224,46.5,,,,,,,,,,,,,,,,,,,,,,,,,,,,,,,,,,,,,,,,,,,,,,,,,,,,,,,56,12.2,,,,,,,,,,,,,,,,,,,,,,,114,24.1,,,,,,,,,,,,,,,,,,,,,,,,,,,,,,,,,,,,,,,,,,,,,,,,,,,,,,,,,,,,,,,,
Karayiorgou 1999,1457,10.1016/s0006-3223(98)00319-9,Family-Based Association Studies Support a Sexually Dimorphic Effect of COMT and MAOA on Genetic Susceptibility to Obsessive-Compulsive Disorder,1999,Biological Psychiatry,United States,Cross-Sectional,,,Other,"The majority (84.5%) of patients included in this study were self-referred in response to national advertisements in an advo- cate newspaper, with 15.5% referred by local private physicians.  From the Laboratory of Human Neurogenetics (MK, CS, MLB, BLG, LM, PG, JAG), and the Laboratory of Statistical Genetics (JO), The Rockefeller University, New York, NY; and the Center of Neurobiology and Behavior, Columbia University (JAG), New York, NY.",103,28.3,11.5,Adult,,,14.4,8.6,,,47,45.6,,,DSM-IV,DIGS,,,,,,,,,64,62.1,,,,,,,,,,,,,,,,,,,,,,,,,,,,,,,,,,,,,,,,,,,,,,,24,23.3,,,,,,,,,,,,,,,,,,,,,,,,,,,,,,,,,,,,,,,,,,,,,,,,,,,,,,,,,,,,,,,,,,,,,,,,,,,,,,,,,,,,,,,,,,,,,,,,,,,,,,,,,,,,,,,,,,,,,,,,,,,,,,,,,,,,
Leonard 2014,6487,10.1016/j.jocrd.2014.02.003,The effect of depression symptom severity on OCD treatment outcome in an adolescent residential sample,2014,Journal of Obsessive-Compulsive and Related Disorders,United States,Cohort,2006,2012,Clinic patients,"Two hundred sixty-three individuals with primary OCD admitted to the program between June 21, 2006 and August 13, 2012. In the case that an individual had multiple admissions to the program, their first admission was used in the current study. Rogers Memorial Hospital, Oconomowoc, 34700 Valley Road, Oconomowoc, WI 53066, USA",126,15.47,1.24,Pediatric,13,17,,,,,60,47.6,24.87,5.24,DSM-5,Other,114,90.5,,,93,73.81,,,24,19.05,,,,,,,2,1.6,,,,,,,30,23.81,,,14,11.11,,,11,8.73,,,4,3.27,,,,,,,,,,,,,,,,,,,11,8.73,,,,,,,14,11.11,,,31,24.6,,,,,,,3,2.38,,,2,1.6,,,1,0.9,,,,,,,,,,,,,,,,,,,,,,,8,,,,4,,,,,,,,1,0.9,,,,,,,,,,,,,,,,,,,,,,,,,,,2,1.6,,,,,,,,,,,,,,,,,,,,,,,,,,,,,,,,,,,,,,,,
Fals-Stewart 1993,18180,10.1016/0022-3956(93)90002-j,An MCMI cluster typology of obsessive-compulsives: A measure of personality characteristics and its relationship to treatment participation compliance and outcome in behaviour therapy,1993,Journal of Psychiatric Research,United States,Other,,,Clinic patients,"All of these patients sought non-pharmacologic treatment for OCD at three outpatient mental health clinics, located in the northeastern United States. ",137,30.5,7.9,Adult,,,,,,,58,42.3,,,DSM-III,DIS,86,62.8,,,,,,,54,39.42,30,21.9,70,44.5,70,44.5,,,,,,,,,,,,,54,39.4,54,39.4,,,,,24,17.5,,,,,,,,,,,,,,,,,,,,,,,,,,,,,,,,,,,,,,,,,,,,,,,,,,,,,,,,,,,,,,,,,,,,,,,,,,,,,,,,,,,,,,,,,,,,,,,,,,,,,,,,,,,,,,,,,,,,,,,,,,,,,,,,,,,,,,,,,,,,,,,,,,,,,,,,
Calamari 2008,4534,10.1177/1073191107312611,Anxiety Sensitivity and Obsessive-Compulsive Disorder,2008,Assessment,USA & Canada,Cross-Sectional,,,Clinic patients,"Participants were recruited from the Centre for Addiction and Mental Health, Clarke Site, Toronto, Ontario (n = 100); and from the Anxiety and Obsessive–Compulsive Disorders Treatment and Research Program at Rosalind Franklin University of Medicine and Science, North Chicago, Illinois (n = 180).",280,34.9,11.7,Adult,,,,,,,131,46.8,25.73,5.19,DSM-IV,SCID,,,,,2,2,,,,,,,,,,,,,,,,,,,,,,,,,,,14,14,,,6,6,,,,,,,6,6,,,,,,,,,,,,,,,,,,,,,,,,,,,,,,,,,,,,,,,,,,,,,,,,,,,,,,,,,,,,,,,,,,,,,,,,,,,,,,,,,,,,,,,,,,,,,,,,,,,,,,,,,,,,,,,,,,,,,,,,,,,,,,,,,,,,,,,,,,,,,,,,
Nelson 1997,896,https://doi.org/10.1176/ajp.154.6.826,Stability of Diagnosis of Obsessive-Compulsive Disorder in the Epidemiologic Catchment Area Study,1997,American Journal of Psychiatry,USA,Cross-Sectional,,,Community + Clinic patients,ECA Study- we have taken comorbidity and OCD data from Wave 1 (n=235),246,,,Adult,,,24.1,16.1,,,,,,,DSM-III,DIS,,,,,,,,,,,50,21.3,,,29,12.3,,,,,,,,,,,,,,,,,,,24,10.2,,,18,7.7,,,59,25.1,,,,,,,,,,,,,,,,,,,,,,,,,,,,,,,,,,,,,,,,,,,,,,,,,,,,,,,,,,,,,,,20,8.5,,,,,,,,,,,,,,,,,,,53,22.6,,,,,,,,,,,,,,,,,,,,,,,,,,,,,,,,,,,,,,,,,,,,,,,,,,,,,,,,,,,,,,
Subramaniam 2012,6257,10.1007/s00127-012-0507-8,"Obsessive–compulsive disorder: prevalence, correlates, help-seeking and quality of life in a multiracial Asian population",2012,Soc Psychiatry Psychiatr Epidemiol ,Singapore,Cross-Sectional,,,Community,"Singapore Mental Health Study: Nationwide survey of adult population of singapore (chinese, malay, indian); the n given (230) of lifetime ocd does not match with the % and prevalence rates of various comorbidities. I have mentioned them as they are.",230,,,Adult,,,21.1,,,,,,,,DSM-IV,CIDI,,,,,,,,,59,26.8,,,7,3,,,19,10.5,,,,,,,,,,,24,12.3,,,,,,,,,,,,,,,,,,,,,,,,,,,,,,,,,,,,,,,,,,,,,,,,,,,,,,,,,,,,,,,,,,,,,,,,,,,,,,,,,,,,,,,,,,,,,,,6,2.1,,,,,,,,,,,,,,,,,,,,,,,,,,,,,,,,,,,,,,,,,,,,,,,,,,,,,,,,,,,,,28,10.8,,
Menzies 2017,8411,http://dx.doi.org/10.1037/abn0000263,Death Anxiety and Its Relationship With Obsessive-Compulsive Disorder,2017,Journal of Abnormal Psychology,Australia,Cross-Sectional,,,Clinic patients,"patients attending a group practice in Sydney, Australia; gives prevalences on adis 5L (which gives lifetime diagnoses) as current/ previous, some of current diagnoses have 'previous' prevalence as 0, so I have put only the 'current' ones",132,,,Adult,,,,,,,,,,,DSM-5,ADIS-5L,,,,,,,,,,,29,22,,,9,6.8,,,8,6.1,,,,,,,,,,,19,14.4,,,17,12.9,,,19,14.4,,,4,3,,,12,9.1,,,4,3,,,23,17.4,,,,,,,,,,,,,,,,,,,,,,,,,,,3,2.3,,,,,,,,,,,,,,,,,,,,,,,,,,,,,,,,,,,,,,,,,,,7,5.3,,,,,,,,,,,,,,,,,,,,,,,3,2.3,,,,,,,,,,,,,,,,,,,,,,,,,,,,,,,,,,,,,,
Merrill 2011,5007,10.1002/j clp.20783,Depression in Comorbid Obsessive-Compulsive Disorder and Posttraumatic Stress Disorder,2011,JOURNAL OF CLINICAL PSYCHOLOGY,USA,Cross-Sectional,,,Clinic patients,"Participants were 104 individuals seeking cognitive-behavioral (exposure and response prevention) and pharmacological treatment over the course of one year for treatmentrefractory OCD at Massachusetts General Hospital’s OCD Outpatient Clinic or Massachusetts General Hospital’s/McLean Hospital’s OCD Residential Treatment Facility (Boston, MA). Data was gathered as part of a naturalistic, retrospective chart review of clinical intake diagnostic interviews and self-report measures collected on each consecutive individual enrolling for treatment over the course of the year.",104,,,Adult,,,,,,,,,,,,,,,,,,,,,57,55,,,,,,,,,,,,,,,,,,,,,,,,,,,,,,,,,,,,,,,,,,,,,,,,,,,,,,,,,,,,,,,,,,,,,,,,,,,,,,,,,,,,,,,,,,,,,,,,,,,,,,,,,,,,,,,,,,,,,,,,,,,,,,,,,,,,,,,,,,,52,50,,,,,,,,,,,,,,,,,,,,,,,,,,,,,,,,,,,,,,,,